record_type,bank,base_currency,quote_currency,currency_pair,unit,transaction_value,amount_tier,std_transaction_value,std_amount_tier,group,effective_date,last_updated,scraped_at,tt_od_sell,tt_buy,od_buy,mid_rate
native,dbs,AED,SGD,AED/SGD,1,SGD 50 – 200,amtBtw50And200,,,mainCurrencies,2026-08-17 21:00:00,2026-08-17 13:00:13,2026-08-17T13:14:23.808732+00:00,0.35,0.3452,,0.3476
native,dbs,AED,SGD,AED/SGD,1,SGD < 50,amtLessThan50,,,mainCurrencies,2026-08-17 21:00:00,2026-08-17 13:00:13,2026-08-17T13:14:23.808732+00:00,0.3527,0.3424,,0.34755
native,dbs,AUD,SGD,AUD/SGD,1,SGD 50 – 200,amtBtw50And200,,,mainCurrencies,2026-08-17 21:00:00,2026-08-17 13:00:13,2026-08-17T13:14:23.808732+00:00,0.9193,0.8992,0.8942,0.90925
native,dbs,AUD,SGD,AUD/SGD,1,SGD < 50,amtLessThan50,,,mainCurrencies,2026-08-17 21:00:00,2026-08-17 13:00:13,2026-08-17T13:14:23.808732+00:00,0.9197,0.8987,0.8942,0.9092
native,dbs,BDT,SGD,BDT/SGD,100,SGD 50 – 200,amtBtw50And200,,,otherCurrencies,2026-08-17 21:00:00,2026-08-17 13:00:13,2026-08-17T13:14:23.808732+00:00,1.0543,,,
native,dbs,BDT,SGD,BDT/SGD,100,SGD < 50,amtLessThan50,,,otherCurrencies,2026-08-17 21:00:00,2026-08-17 13:00:13,2026-08-17T13:14:23.808732+00:00,1.0543,,,
native,dbs,BHD,SGD,BHD/SGD,1,SGD 50 – 200,amtBtw50And200,,,otherCurrencies,2026-08-17 21:00:00,2026-08-17 13:00:13,2026-08-17T13:14:23.808732+00:00,3.4668,,,
native,dbs,BHD,SGD,BHD/SGD,1,SGD < 50,amtLessThan50,,,otherCurrencies,2026-08-17 21:00:00,2026-08-17 13:00:13,2026-08-17T13:14:23.808732+00:00,3.4805,,,
native,dbs,BND,SGD,BND/SGD,1,SGD 50 – 200,amtBtw50And200,,,otherCurrencies,2026-08-17 21:00:00,2026-08-17 13:00:13,2026-08-17T13:14:23.808732+00:00,1.0,1.0,0.9926,1.0
native,dbs,BND,SGD,BND/SGD,1,SGD < 50,amtLessThan50,,,otherCurrencies,2026-08-17 21:00:00,2026-08-17 13:00:13,2026-08-17T13:14:23.808732+00:00,1.0,1.0,0.9926,1.0
native,dbs,CAD,SGD,CAD/SGD,1,SGD 50 – 200,amtBtw50And200,,,mainCurrencies,2026-08-17 21:00:00,2026-08-17 13:00:13,2026-08-17T13:14:23.808732+00:00,0.9285,0.9146,0.9051,0.92155
native,dbs,CAD,SGD,CAD/SGD,1,SGD < 50,amtLessThan50,,,mainCurrencies,2026-08-17 21:00:00,2026-08-17 13:00:13,2026-08-17T13:14:23.808732+00:00,0.9318,0.9114,0.9051,0.9216
native,dbs,CHF,SGD,CHF/SGD,1,SGD 50 – 200,amtBtw50And200,,,mainCurrencies,2026-08-17 21:00:00,2026-08-17 13:00:13,2026-08-17T13:14:23.808732+00:00,1.5919,1.5618,1.56,1.57685
native,dbs,CHF,SGD,CHF/SGD,1,SGD < 50,amtLessThan50,,,mainCurrencies,2026-08-17 21:00:00,2026-08-17 13:00:13,2026-08-17T13:14:23.808732+00:00,1.5927,1.561,1.56,1.5768499999999999
native,dbs,CNH,SGD,CNH/SGD,1,SGD 50 – 200,amtBtw50And200,,,mainCurrencies,2026-08-17 21:00:00,2026-08-17 13:00:13,2026-08-17T13:14:23.808732+00:00,0.1915,0.1871,,0.1893
native,dbs,CNH,SGD,CNH/SGD,1,SGD < 50,amtLessThan50,,,mainCurrencies,2026-08-17 21:00:00,2026-08-17 13:00:13,2026-08-17T13:14:23.808732+00:00,0.1922,0.1865,,0.18935000000000002
native,dbs,CNY,SGD,CNY/SGD,1,SGD 50 – 200,amtBtw50And200,,,otherCurrencies,2026-08-17 21:00:00,2026-08-17 13:00:13,2026-08-17T13:14:23.808732+00:00,0.1894,,,
native,dbs,CNY,SGD,CNY/SGD,1,SGD < 50,amtLessThan50,,,otherCurrencies,2026-08-17 21:00:00,2026-08-17 13:00:13,2026-08-17T13:14:23.808732+00:00,0.1911,,,
native,dbs,DKK,SGD,DKK/SGD,1,SGD 50 – 200,amtBtw50And200,,,mainCurrencies,2026-08-17 21:00:00,2026-08-17 13:00:13,2026-08-17T13:14:23.808732+00:00,0.2007,0.1952,0.1923,0.19795000000000001
native,dbs,DKK,SGD,DKK/SGD,1,SGD < 50,amtLessThan50,,,mainCurrencies,2026-08-17 21:00:00,2026-08-17 13:00:13,2026-08-17T13:14:23.808732+00:00,0.2011,0.1949,0.1923,0.198
native,dbs,EUR,SGD,EUR/SGD,1,SGD 50 – 200,amtBtw50And200,,,mainCurrencies,2026-08-17 21:00:00,2026-08-17 13:00:13,2026-08-17T13:14:23.808732+00:00,1.493,1.4677,1.4588,1.48035
native,dbs,EUR,SGD,EUR/SGD,1,SGD < 50,amtLessThan50,,,mainCurrencies,2026-08-17 21:00:00,2026-08-17 13:00:13,2026-08-17T13:14:23.808732+00:00,1.4938,1.467,1.4588,1.4804
native,dbs,GBP,SGD,GBP/SGD,1,SGD 50 – 200,amtBtw50And200,,,mainCurrencies,2026-08-17 21:00:00,2026-08-17 13:00:13,2026-08-17T13:14:23.808732+00:00,1.7433,1.7188,1.7017,1.7310500000000002
native,dbs,GBP,SGD,GBP/SGD,1,SGD < 50,amtLessThan50,,,mainCurrencies,2026-08-17 21:00:00,2026-08-17 13:00:13,2026-08-17T13:14:23.808732+00:00,1.745,1.7171,1.7017,1.7310500000000002
native,dbs,HKD,SGD,HKD/SGD,1,SGD 50 – 200,amtBtw50And200,,,mainCurrencies,2026-08-17 21:00:00,2026-08-17 13:00:13,2026-08-17T13:14:23.808732+00:00,0.1643,0.161,0.1591,0.16265000000000002
native,dbs,HKD,SGD,HKD/SGD,1,SGD < 50,amtLessThan50,,,mainCurrencies,2026-08-17 21:00:00,2026-08-17 13:00:13,2026-08-17T13:14:23.808732+00:00,0.1645,0.1609,0.1591,0.1627
native,dbs,HUF,SGD,HUF/SGD,100,SGD 50 – 200,amtBtw50And200,,,otherCurrencies,2026-08-17 21:00:00,2026-08-17 13:00:13,2026-08-17T13:14:23.808732+00:00,0.4147,,,
native,dbs,HUF,SGD,HUF/SGD,100,SGD < 50,amtLessThan50,,,otherCurrencies,2026-08-17 21:00:00,2026-08-17 13:00:13,2026-08-17T13:14:23.808732+00:00,0.4164,,,
native,dbs,ID0,SGD,ID0/SGD,100,SGD 50 – 200,amtBtw50And200,,,otherCurrencies,2026-08-17 21:00:00,2026-08-17 13:00:13,2026-08-17T13:14:23.808732+00:00,,,,
native,dbs,ID0,SGD,ID0/SGD,100,SGD < 50,amtLessThan50,,,otherCurrencies,2026-08-17 21:00:00,2026-08-17 13:00:13,2026-08-17T13:14:23.808732+00:00,,0.0071,,
native,dbs,IDR,SGD,IDR/SGD,100,SGD 50 – 200,amtBtw50And200,,,mainCurrencies,2026-08-17 21:00:00,2026-08-17 13:00:13,2026-08-17T13:14:23.808732+00:00,0.0073,,,
native,dbs,IDR,SGD,IDR/SGD,100,SGD < 50,amtLessThan50,,,mainCurrencies,2026-08-17 21:00:00,2026-08-17 13:00:13,2026-08-17T13:14:23.808732+00:00,0.0073,,,
native,dbs,IN0,SGD,IN0/SGD,100,SGD 50 – 200,amtBtw50And200,,,otherCurrencies,2026-08-17 21:00:00,2026-08-17 13:00:13,2026-08-17T13:14:23.808732+00:00,,1.3313,,
native,dbs,IN0,SGD,IN0/SGD,100,SGD < 50,amtLessThan50,,,otherCurrencies,2026-08-17 21:00:00,2026-08-17 13:00:13,2026-08-17T13:14:23.808732+00:00,,1.3313,,
native,dbs,INR,SGD,INR/SGD,100,SGD 50 – 200,amtBtw50And200,,,otherCurrencies,2026-08-17 21:00:00,2026-08-17 13:00:13,2026-08-17T13:14:23.808732+00:00,1.3494,,,
native,dbs,INR,SGD,INR/SGD,100,SGD < 50,amtLessThan50,,,otherCurrencies,2026-08-17 21:00:00,2026-08-17 13:00:13,2026-08-17T13:14:23.808732+00:00,1.3602,,,
native,dbs,JPY,SGD,JPY/SGD,100,SGD 50 – 200,amtBtw50And200,,,mainCurrencies,2026-08-17 21:00:00,2026-08-17 13:00:13,2026-08-17T13:14:23.808732+00:00,0.8096,0.7935,0.79,0.80155
native,dbs,JPY,SGD,JPY/SGD,100,SGD < 50,amtLessThan50,,,mainCurrencies,2026-08-17 21:00:00,2026-08-17 13:00:13,2026-08-17T13:14:23.808732+00:00,0.8104,0.7927,0.79,0.80155
native,dbs,KRW,SGD,KRW/SGD,100,SGD 50 – 200,amtBtw50And200,,,otherCurrencies,2026-08-17 21:00:00,2026-08-17 13:00:13,2026-08-17T13:14:23.808732+00:00,0.0916,,,
native,dbs,KRW,SGD,KRW/SGD,100,SGD < 50,amtLessThan50,,,otherCurrencies,2026-08-17 21:00:00,2026-08-17 13:00:13,2026-08-17T13:14:23.808732+00:00,0.0916,,,
native,dbs,KWD,SGD,KWD/SGD,100,SGD 50 – 200,amtBtw50And200,,,otherCurrencies,2026-08-17 21:00:00,2026-08-17 13:00:13,2026-08-17T13:14:23.808732+00:00,423.8862,,,
native,dbs,KWD,SGD,KWD/SGD,100,SGD < 50,amtLessThan50,,,otherCurrencies,2026-08-17 21:00:00,2026-08-17 13:00:13,2026-08-17T13:14:23.808732+00:00,425.548,,,
native,dbs,LKR,SGD,LKR/SGD,100,SGD 50 – 200,amtBtw50And200,,,otherCurrencies,2026-08-17 21:00:00,2026-08-17 13:00:13,2026-08-17T13:14:23.808732+00:00,0.3919,,,
native,dbs,LKR,SGD,LKR/SGD,100,SGD < 50,amtLessThan50,,,otherCurrencies,2026-08-17 21:00:00,2026-08-17 13:00:13,2026-08-17T13:14:23.808732+00:00,0.3918,,,
native,dbs,MM1,SGD,MM1/SGD,100,SGD 50 – 200,amtBtw50And200,,,otherCurrencies,2026-08-17 21:00:00,2026-08-17 13:00:13,2026-08-17T13:14:23.808732+00:00,,,,
native,dbs,MM1,SGD,MM1/SGD,100,SGD < 50,amtLessThan50,,,otherCurrencies,2026-08-17 21:00:00,2026-08-17 13:00:13,2026-08-17T13:14:23.808732+00:00,,,,
native,dbs,MMK,SGD,MMK/SGD,100,SGD 50 – 200,amtBtw50And200,,,otherCurrencies,2026-08-17 21:00:00,2026-08-17 13:00:13,2026-08-17T13:14:23.808732+00:00,0.0326,,,
native,dbs,MMK,SGD,MMK/SGD,100,SGD < 50,amtLessThan50,,,otherCurrencies,2026-08-17 21:00:00,2026-08-17 13:00:13,2026-08-17T13:14:23.808732+00:00,0.0326,,,
native,dbs,MUR,SGD,MUR/SGD,100,SGD 50 – 200,amtBtw50And200,,,otherCurrencies,2026-08-17 21:00:00,2026-08-17 13:00:13,2026-08-17T13:14:23.808732+00:00,2.7585,,,
native,dbs,MUR,SGD,MUR/SGD,100,SGD < 50,amtLessThan50,,,otherCurrencies,2026-08-17 21:00:00,2026-08-17 13:00:13,2026-08-17T13:14:23.808732+00:00,2.7693,,,
native,dbs,MXN,SGD,MXN/SGD,100,SGD 50 – 200,amtBtw50And200,,,mainCurrencies,2026-08-17 21:00:00,2026-08-17 13:00:13,2026-08-17T13:14:23.808732+00:00,7.6111,,,
native,dbs,MXN,SGD,MXN/SGD,100,SGD < 50,amtLessThan50,,,mainCurrencies,2026-08-17 21:00:00,2026-08-17 13:00:13,2026-08-17T13:14:23.808732+00:00,7.6124,,,
native,dbs,MY0,SGD,MY0/SGD,1,SGD 50 – 200,amtBtw50And200,,,otherCurrencies,2026-08-17 21:00:00,2026-08-17 13:00:13,2026-08-17T13:14:23.808732+00:00,,0.3141,,
native,dbs,MY0,SGD,MY0/SGD,1,SGD < 50,amtLessThan50,,,otherCurrencies,2026-08-17 21:00:00,2026-08-17 13:00:13,2026-08-17T13:14:23.808732+00:00,,0.3141,,
native,dbs,MYR,SGD,MYR/SGD,1,SGD 50 – 200,amtBtw50And200,,,otherCurrencies,2026-08-17 21:00:00,2026-08-17 13:00:13,2026-08-17T13:14:23.808732+00:00,0.3181,,,
native,dbs,MYR,SGD,MYR/SGD,1,SGD < 50,amtLessThan50,,,otherCurrencies,2026-08-17 21:00:00,2026-08-17 13:00:13,2026-08-17T13:14:23.808732+00:00,0.3181,,,
native,dbs,NOK,SGD,NOK/SGD,1,SGD 50 – 200,amtBtw50And200,,,mainCurrencies,2026-08-17 21:00:00,2026-08-17 13:00:13,2026-08-17T13:14:23.808732+00:00,0.1376,0.1338,0.1305,0.1357
native,dbs,NOK,SGD,NOK/SGD,1,SGD < 50,amtLessThan50,,,mainCurrencies,2026-08-17 21:00:00,2026-08-17 13:00:13,2026-08-17T13:14:23.808732+00:00,0.138,0.1334,0.1305,0.1357
native,dbs,NZD,SGD,NZD/SGD,1,SGD 50 – 200,amtBtw50And200,,,mainCurrencies,2026-08-17 21:00:00,2026-08-17 13:00:13,2026-08-17T13:14:23.808732+00:00,0.764,0.7465,0.7394,0.75525
native,dbs,NZD,SGD,NZD/SGD,1,SGD < 50,amtLessThan50,,,mainCurrencies,2026-08-17 21:00:00,2026-08-17 13:00:13,2026-08-17T13:14:23.808732+00:00,0.7648,0.7457,0.7394,0.75525
native,dbs,OMR,SGD,OMR/SGD,1,SGD 50 – 200,amtBtw50And200,,,otherCurrencies,2026-08-17 21:00:00,2026-08-17 13:00:13,2026-08-17T13:14:23.808732+00:00,3.3399,,,
native,dbs,OMR,SGD,OMR/SGD,1,SGD < 50,amtLessThan50,,,otherCurrencies,2026-08-17 21:00:00,2026-08-17 13:00:13,2026-08-17T13:14:23.808732+00:00,3.3399,,,
native,dbs,PH0,SGD,PH0/SGD,100,SGD 50 – 200,amtBtw50And200,,,otherCurrencies,2026-08-17 21:00:00,2026-08-17 13:00:13,2026-08-17T13:14:23.808732+00:00,,2.0675,,
native,dbs,PH0,SGD,PH0/SGD,100,SGD < 50,amtLessThan50,,,otherCurrencies,2026-08-17 21:00:00,2026-08-17 13:00:13,2026-08-17T13:14:23.808732+00:00,,2.0675,,
native,dbs,PHP,SGD,PHP/SGD,100,SGD 50 – 200,amtBtw50And200,,,otherCurrencies,2026-08-17 21:00:00,2026-08-17 13:00:13,2026-08-17T13:14:23.808732+00:00,2.0984,,,
native,dbs,PHP,SGD,PHP/SGD,100,SGD < 50,amtLessThan50,,,otherCurrencies,2026-08-17 21:00:00,2026-08-17 13:00:13,2026-08-17T13:14:23.808732+00:00,2.114,,,
native,dbs,PLN,SGD,PLN/SGD,1,SGD 50 – 200,amtBtw50And200,,,otherCurrencies,2026-08-17 21:00:00,2026-08-17 13:00:13,2026-08-17T13:14:23.808732+00:00,0.3497,,,
native,dbs,PLN,SGD,PLN/SGD,1,SGD < 50,amtLessThan50,,,otherCurrencies,2026-08-17 21:00:00,2026-08-17 13:00:13,2026-08-17T13:14:23.808732+00:00,0.3511,,,
native,dbs,QAR,SGD,QAR/SGD,1,SGD 50 – 200,amtBtw50And200,,,otherCurrencies,2026-08-17 21:00:00,2026-08-17 13:00:13,2026-08-17T13:14:23.808732+00:00,0.358,,,
native,dbs,QAR,SGD,QAR/SGD,1,SGD < 50,amtLessThan50,,,otherCurrencies,2026-08-17 21:00:00,2026-08-17 13:00:13,2026-08-17T13:14:23.808732+00:00,0.3594,,,
native,dbs,RUB,SGD,RUB/SGD,100,SGD 50 – 200,amtBtw50And200,,,mainCurrencies,2026-08-17 21:00:00,2026-08-17 13:00:13,2026-08-17T13:14:23.808732+00:00,,,,
native,dbs,RUB,SGD,RUB/SGD,100,SGD < 50,amtLessThan50,,,mainCurrencies,2026-08-17 21:00:00,2026-08-17 13:00:13,2026-08-17T13:14:23.808732+00:00,,,,
native,dbs,SAR,SGD,SAR/SGD,100,SGD 50 – 200,amtBtw50And200,,,otherCurrencies,2026-08-17 21:00:00,2026-08-17 13:00:13,2026-08-17T13:14:23.808732+00:00,34.4263,,,
native,dbs,SAR,SGD,SAR/SGD,100,SGD < 50,amtLessThan50,,,otherCurrencies,2026-08-17 21:00:00,2026-08-17 13:00:13,2026-08-17T13:14:23.808732+00:00,34.4258,,,
native,dbs,SEK,SGD,SEK/SGD,1,SGD 50 – 200,amtBtw50And200,,,mainCurrencies,2026-08-17 21:00:00,2026-08-17 13:00:13,2026-08-17T13:14:23.808732+00:00,0.1364,0.1327,0.1291,0.13455
native,dbs,SEK,SGD,SEK/SGD,1,SGD < 50,amtLessThan50,,,mainCurrencies,2026-08-17 21:00:00,2026-08-17 13:00:13,2026-08-17T13:14:23.808732+00:00,0.1369,0.1322,0.1291,0.13455
native,dbs,THB,SGD,THB/SGD,100,SGD 50 – 200,amtBtw50And200,,,mainCurrencies,2026-08-17 21:00:00,2026-08-17 13:00:13,2026-08-17T13:14:23.808732+00:00,3.9201,3.8079,3.7288,3.864
native,dbs,THB,SGD,THB/SGD,100,SGD < 50,amtLessThan50,,,mainCurrencies,2026-08-17 21:00:00,2026-08-17 13:00:13,2026-08-17T13:14:23.808732+00:00,3.9249,3.8043,3.7288,3.8646000000000003
native,dbs,TND,SGD,TND/SGD,1,SGD 50 – 200,amtBtw50And200,,,otherCurrencies,2026-08-17 21:00:00,2026-08-17 13:00:13,2026-08-17T13:14:23.808732+00:00,0.4444,,,
native,dbs,TND,SGD,TND/SGD,1,SGD < 50,amtLessThan50,,,otherCurrencies,2026-08-17 21:00:00,2026-08-17 13:00:13,2026-08-17T13:14:23.808732+00:00,0.4444,,,
native,dbs,TWD,SGD,TWD/SGD,100,SGD 50 – 200,amtBtw50And200,,,otherCurrencies,2026-08-17 21:00:00,2026-08-17 13:00:13,2026-08-17T13:14:23.808732+00:00,4.0601,,,
native,dbs,TWD,SGD,TWD/SGD,100,SGD < 50,amtLessThan50,,,otherCurrencies,2026-08-17 21:00:00,2026-08-17 13:00:13,2026-08-17T13:14:23.808732+00:00,4.0641,,,
native,dbs,USD,SGD,USD/SGD,1,SGD 50 – 200,amtBtw50And200,,,mainCurrencies,2026-08-17 21:00:00,2026-08-17 13:00:13,2026-08-17T13:14:23.808732+00:00,1.286,1.2672,1.2619,1.2766000000000002
native,dbs,USD,SGD,USD/SGD,1,SGD < 50,amtLessThan50,,,mainCurrencies,2026-08-17 21:00:00,2026-08-17 13:00:13,2026-08-17T13:14:23.808732+00:00,1.2868,1.2663,1.2619,1.2765499999999999
native,dbs,VND,SGD,VND/SGD,100,SGD 50 – 200,amtBtw50And200,,,otherCurrencies,2026-08-17 21:00:00,2026-08-17 13:00:13,2026-08-17T13:14:23.808732+00:00,0.005,,,
native,dbs,VND,SGD,VND/SGD,100,SGD < 50,amtLessThan50,,,otherCurrencies,2026-08-17 21:00:00,2026-08-17 13:00:13,2026-08-17T13:14:23.808732+00:00,0.005,,,
native,dbs,XAU,SGD,XAU/SGD,1,SGD 50 – 200,amtBtw50And200,,,otherCurrencies,2026-08-17 21:00:00,2026-08-17 13:00:13,2026-08-17T13:14:23.808732+00:00,5630.909,5562.814,5561.839,5596.8615
native,dbs,XAU,SGD,XAU/SGD,1,SGD < 50,amtLessThan50,,,otherCurrencies,2026-08-17 21:00:00,2026-08-17 13:00:13,2026-08-17T13:14:23.808732+00:00,5631.179,5563.093,5562.705,5597.136
native,dbs,ZAR,SGD,ZAR/SGD,1,SGD 50 – 200,amtBtw50And200,,,otherCurrencies,2026-08-17 21:00:00,2026-08-17 13:00:13,2026-08-17T13:14:23.808732+00:00,0.0798,0.0778,,0.0788
native,dbs,ZAR,SGD,ZAR/SGD,1,SGD < 50,amtLessThan50,,,otherCurrencies,2026-08-17 21:00:00,2026-08-17 13:00:13,2026-08-17T13:14:23.808732+00:00,0.0801,0.0775,,0.07880000000000001
native,ocbc,AED,SGD,AED/SGD,100,"SGD 0 – 39,999.99",tier_1,,,fxRatesSgd,2026-08-17T07:00:13,2026-08-17T07:00:13,2026-08-17T13:14:25.391293+00:00,35.6525,33.6351,,34.6438
native,ocbc,AED,SGD,AED/SGD,100,"SGD 40,000 – 100,000",tier_2,,,fxRatesSgd,2026-08-17T07:00:13,2026-08-17T07:00:13,2026-08-17T13:14:25.391293+00:00,35.642,33.6523,,34.6438
native,ocbc,AUD,SGD,AUD/SGD,1,"SGD 0 – 39,999.99",tier_1,,,fxRatesSgd,2026-08-17T07:00:13,2026-08-17T07:00:13,2026-08-17T13:14:25.391293+00:00,0.9259,0.8966,,0.9113
native,ocbc,AUD,SGD,AUD/SGD,1,"SGD 40,000 – 100,000",tier_2,,,fxRatesSgd,2026-08-17T07:00:13,2026-08-17T07:00:13,2026-08-17T13:14:25.391293+00:00,0.9241,0.8984,,0.9113
native,ocbc,BGN,SGD,BGN/SGD,100,"SGD 0 – 39,999.99",tier_1,,,fxRatesSgd,2026-08-17T07:00:13,2026-08-17T07:00:13,2026-08-17T13:14:25.391293+00:00,0.0,0.0,,0.0
native,ocbc,BGN,SGD,BGN/SGD,100,"SGD 40,000 – 100,000",tier_2,,,fxRatesSgd,2026-08-17T07:00:13,2026-08-17T07:00:13,2026-08-17T13:14:25.391293+00:00,0.0,0.0,,0.0
native,ocbc,BHD,SGD,BHD/SGD,1,"SGD 0 – 39,999.99",tier_1,,,fxRatesSgd,2026-08-17T07:00:13,2026-08-17T07:00:13,2026-08-17T13:14:25.391293+00:00,0.0,0.0,,0.0
native,ocbc,BHD,SGD,BHD/SGD,1,"SGD 40,000 – 100,000",tier_2,,,fxRatesSgd,2026-08-17T07:00:13,2026-08-17T07:00:13,2026-08-17T13:14:25.391293+00:00,0.0,0.0,,0.0
native,ocbc,CAD,SGD,CAD/SGD,1,"SGD 0 – 39,999.99",tier_1,,,fxRatesSgd,2026-08-17T07:00:13,2026-08-17T07:00:13,2026-08-17T13:14:25.391293+00:00,0.9375,0.9042,,0.9209
native,ocbc,CAD,SGD,CAD/SGD,1,"SGD 40,000 – 100,000",tier_2,,,fxRatesSgd,2026-08-17T07:00:13,2026-08-17T07:00:13,2026-08-17T13:14:25.391293+00:00,0.9357,0.9061,,0.9209
native,ocbc,CHF,SGD,CHF/SGD,100,"SGD 0 – 39,999.99",tier_1,,,fxRatesSgd,2026-08-17T07:00:13,2026-08-17T07:00:13,2026-08-17T13:14:25.391293+00:00,160.3483,154.644,,157.4962
native,ocbc,CHF,SGD,CHF/SGD,100,"SGD 40,000 – 100,000",tier_2,,,fxRatesSgd,2026-08-17T07:00:13,2026-08-17T07:00:13,2026-08-17T13:14:25.391293+00:00,160.0333,154.959,,157.4962
native,ocbc,CNH,SGD,CNH/SGD,100,"SGD 0 – 39,999.99",tier_1,,,fxRatesSgd,2026-08-17T07:00:13,2026-08-17T07:00:13,2026-08-17T13:14:25.391293+00:00,19.2699,18.7094,,18.9897
native,ocbc,CNH,SGD,CNH/SGD,100,"SGD 40,000 – 100,000",tier_2,,,fxRatesSgd,2026-08-17T07:00:13,2026-08-17T07:00:13,2026-08-17T13:14:25.391293+00:00,19.2604,18.7284,,18.9897
native,ocbc,CZK,SGD,CZK/SGD,100,"SGD 0 – 39,999.99",tier_1,,,fxRatesSgd,2026-08-17T07:00:13,2026-08-17T07:00:13,2026-08-17T13:14:25.391293+00:00,0.0,0.0,,0.0
native,ocbc,CZK,SGD,CZK/SGD,100,"SGD 40,000 – 100,000",tier_2,,,fxRatesSgd,2026-08-17T07:00:13,2026-08-17T07:00:13,2026-08-17T13:14:25.391293+00:00,0.0,0.0,,0.0
native,ocbc,DKK,SGD,DKK/SGD,100,"SGD 0 – 39,999.99",tier_1,,,fxRatesSgd,2026-08-17T07:00:13,2026-08-17T07:00:13,2026-08-17T13:14:25.391293+00:00,20.1489,19.4339,,19.7914
native,ocbc,DKK,SGD,DKK/SGD,100,"SGD 40,000 – 100,000",tier_2,,,fxRatesSgd,2026-08-17T07:00:13,2026-08-17T07:00:13,2026-08-17T13:14:25.391293+00:00,20.1093,19.4735,,19.7914
native,ocbc,EUR,SGD,EUR/SGD,1,"SGD 0 – 39,999.99",tier_1,,,fxRatesSgd,2026-08-17T07:00:13,2026-08-17T07:00:13,2026-08-17T13:14:25.391293+00:00,1.4962,1.4594,,1.4778
native,ocbc,EUR,SGD,EUR/SGD,1,"SGD 40,000 – 100,000",tier_2,,,fxRatesSgd,2026-08-17T07:00:13,2026-08-17T07:00:13,2026-08-17T13:14:25.391293+00:00,1.4944,1.4613,,1.4778
native,ocbc,GBP,SGD,GBP/SGD,1,"SGD 0 – 39,999.99",tier_1,,,fxRatesSgd,2026-08-17T07:00:13,2026-08-17T07:00:13,2026-08-17T13:14:25.391293+00:00,1.7498,1.7066,,1.7282
native,ocbc,GBP,SGD,GBP/SGD,1,"SGD 40,000 – 100,000",tier_2,,,fxRatesSgd,2026-08-17T07:00:13,2026-08-17T07:00:13,2026-08-17T13:14:25.391293+00:00,1.7479,1.7087,,1.7282
native,ocbc,HKD,SGD,HKD/SGD,100,"SGD 0 – 39,999.99",tier_1,,,fxRatesSgd,2026-08-17T07:00:13,2026-08-17T07:00:13,2026-08-17T13:14:25.391293+00:00,16.4786,16.0802,,16.2794
native,ocbc,HKD,SGD,HKD/SGD,100,"SGD 40,000 – 100,000",tier_2,,,fxRatesSgd,2026-08-17T07:00:13,2026-08-17T07:00:13,2026-08-17T13:14:25.391293+00:00,16.4493,16.09,,16.2794
native,ocbc,HUF,SGD,HUF/SGD,100,"SGD 0 – 39,999.99",tier_1,,,fxRatesSgd,2026-08-17T07:00:13,2026-08-17T07:00:13,2026-08-17T13:14:25.391293+00:00,0.0,0.0,,0.0
native,ocbc,HUF,SGD,HUF/SGD,100,"SGD 40,000 – 100,000",tier_2,,,fxRatesSgd,2026-08-17T07:00:13,2026-08-17T07:00:13,2026-08-17T13:14:25.391293+00:00,0.0,0.0,,0.0
native,ocbc,IDR,SGD,IDR/SGD,100,"SGD 0 – 39,999.99",tier_1,,,fxRatesSgd,2026-08-17T07:00:13,2026-08-17T07:00:13,2026-08-17T13:14:25.391293+00:00,0.0074,0.0,,0.0074
native,ocbc,IDR,SGD,IDR/SGD,100,"SGD 40,000 – 100,000",tier_2,,,fxRatesSgd,2026-08-17T07:00:13,2026-08-17T07:00:13,2026-08-17T13:14:25.391293+00:00,0.0073,0.0,,0.0074
native,ocbc,ILS,SGD,ILS/SGD,100,"SGD 0 – 39,999.99",tier_1,,,fxRatesSgd,2026-08-17T07:00:13,2026-08-17T07:00:13,2026-08-17T13:14:25.391293+00:00,0.0,0.0,,0.0
native,ocbc,ILS,SGD,ILS/SGD,100,"SGD 40,000 – 100,000",tier_2,,,fxRatesSgd,2026-08-17T07:00:13,2026-08-17T07:00:13,2026-08-17T13:14:25.391293+00:00,0.0,0.0,,0.0
native,ocbc,INR,SGD,INR/SGD,100,"SGD 0 – 39,999.99",tier_1,,,fxRatesSgd,2026-08-17T07:00:13,2026-08-17T07:00:13,2026-08-17T13:14:25.391293+00:00,1.3774,0.0,,1.3774
native,ocbc,INR,SGD,INR/SGD,100,"SGD 40,000 – 100,000",tier_2,,,fxRatesSgd,2026-08-17T07:00:13,2026-08-17T07:00:13,2026-08-17T13:14:25.391293+00:00,1.3748,0.0,,1.3774
native,ocbc,JOD,SGD,JOD/SGD,1,"SGD 0 – 39,999.99",tier_1,,,fxRatesSgd,2026-08-17T07:00:13,2026-08-17T07:00:13,2026-08-17T13:14:25.391293+00:00,0.0,0.0,,0.0
native,ocbc,JOD,SGD,JOD/SGD,1,"SGD 40,000 – 100,000",tier_2,,,fxRatesSgd,2026-08-17T07:00:13,2026-08-17T07:00:13,2026-08-17T13:14:25.391293+00:00,0.0,0.0,,0.0
native,ocbc,JPY,SGD,JPY/SGD,100,"SGD 0 – 39,999.99",tier_1,,,fxRatesSgd,2026-08-17T07:00:13,2026-08-17T07:00:13,2026-08-17T13:14:25.391293+00:00,0.8116,0.7924,,0.802
native,ocbc,JPY,SGD,JPY/SGD,100,"SGD 40,000 – 100,000",tier_2,,,fxRatesSgd,2026-08-17T07:00:13,2026-08-17T07:00:13,2026-08-17T13:14:25.391293+00:00,0.8102,0.7937,,0.802
native,ocbc,KRW,SGD,KRW/SGD,100,"SGD 0 – 39,999.99",tier_1,,,fxRatesSgd,2026-08-17T07:00:13,2026-08-17T07:00:13,2026-08-17T13:14:25.391293+00:00,0.0,0.0,,0.0
native,ocbc,KRW,SGD,KRW/SGD,100,"SGD 40,000 – 100,000",tier_2,,,fxRatesSgd,2026-08-17T07:00:13,2026-08-17T07:00:13,2026-08-17T13:14:25.391293+00:00,0.0,0.0,,0.0
native,ocbc,LKR,SGD,LKR/SGD,100,"SGD 0 – 39,999.99",tier_1,,,fxRatesSgd,2026-08-17T07:00:13,2026-08-17T07:00:13,2026-08-17T13:14:25.391293+00:00,0.3953,0.0,,0.3953
native,ocbc,LKR,SGD,LKR/SGD,100,"SGD 40,000 – 100,000",tier_2,,,fxRatesSgd,2026-08-17T07:00:13,2026-08-17T07:00:13,2026-08-17T13:14:25.391293+00:00,0.3946,0.0,,0.3953
native,ocbc,MAD,SGD,MAD/SGD,100,"SGD 0 – 39,999.99",tier_1,,,fxRatesSgd,2026-08-17T07:00:13,2026-08-17T07:00:13,2026-08-17T13:14:25.391293+00:00,0.0,0.0,,0.0
native,ocbc,MAD,SGD,MAD/SGD,100,"SGD 40,000 – 100,000",tier_2,,,fxRatesSgd,2026-08-17T07:00:13,2026-08-17T07:00:13,2026-08-17T13:14:25.391293+00:00,0.0,0.0,,0.0
native,ocbc,MXN,SGD,MXN/SGD,100,"SGD 0 – 39,999.99",tier_1,,,fxRatesSgd,2026-08-17T07:00:13,2026-08-17T07:00:13,2026-08-17T13:14:25.391293+00:00,7.7525,0.0,,7.7525
native,ocbc,MXN,SGD,MXN/SGD,100,"SGD 40,000 – 100,000",tier_2,,,fxRatesSgd,2026-08-17T07:00:13,2026-08-17T07:00:13,2026-08-17T13:14:25.391293+00:00,7.751,0.0,,7.7525
native,ocbc,MYR,SGD,MYR/SGD,100,"SGD 0 – 39,999.99",tier_1,,,fxRatesSgd,2026-08-17T07:00:13,2026-08-17T07:00:13,2026-08-17T13:14:25.391293+00:00,0.0,0.0,,0.0
native,ocbc,MYR,SGD,MYR/SGD,100,"SGD 40,000 – 100,000",tier_2,,,fxRatesSgd,2026-08-17T07:00:13,2026-08-17T07:00:13,2026-08-17T13:14:25.391293+00:00,0.0,0.0,,0.0
native,ocbc,NOK,SGD,NOK/SGD,100,"SGD 0 – 39,999.99",tier_1,,,fxRatesSgd,2026-08-17T07:00:13,2026-08-17T07:00:13,2026-08-17T13:14:25.391293+00:00,13.7978,13.3056,,13.5517
native,ocbc,NOK,SGD,NOK/SGD,100,"SGD 40,000 – 100,000",tier_2,,,fxRatesSgd,2026-08-17T07:00:13,2026-08-17T07:00:13,2026-08-17T13:14:25.391293+00:00,13.7707,13.3327,,13.5517
native,ocbc,NZD,SGD,NZD/SGD,1,"SGD 0 – 39,999.99",tier_1,,,fxRatesSgd,2026-08-17T07:00:13,2026-08-17T07:00:13,2026-08-17T13:14:25.391293+00:00,0.7714,0.7452,,0.7583
native,ocbc,NZD,SGD,NZD/SGD,1,"SGD 40,000 – 100,000",tier_2,,,fxRatesSgd,2026-08-17T07:00:13,2026-08-17T07:00:13,2026-08-17T13:14:25.391293+00:00,0.7695,0.7474,,0.7583
native,ocbc,OMR,SGD,OMR/SGD,1,"SGD 0 – 39,999.99",tier_1,,,fxRatesSgd,2026-08-17T07:00:13,2026-08-17T07:00:13,2026-08-17T13:14:25.391293+00:00,0.0,0.0,,0.0
native,ocbc,OMR,SGD,OMR/SGD,1,"SGD 40,000 – 100,000",tier_2,,,fxRatesSgd,2026-08-17T07:00:13,2026-08-17T07:00:13,2026-08-17T13:14:25.391293+00:00,0.0,0.0,,0.0
native,ocbc,PHP,SGD,PHP/SGD,100,"SGD 0 – 39,999.99",tier_1,,,fxRatesSgd,2026-08-17T07:00:13,2026-08-17T07:00:13,2026-08-17T13:14:25.391293+00:00,2.1403,0.0,,2.1403
native,ocbc,PHP,SGD,PHP/SGD,100,"SGD 40,000 – 100,000",tier_2,,,fxRatesSgd,2026-08-17T07:00:13,2026-08-17T07:00:13,2026-08-17T13:14:25.391293+00:00,2.1382,0.0,,2.1403
native,ocbc,PLN,SGD,PLN/SGD,100,"SGD 0 – 39,999.99",tier_1,,,fxRatesSgd,2026-08-17T07:00:13,2026-08-17T07:00:13,2026-08-17T13:14:25.391293+00:00,35.3182,33.1041,,34.2112
native,ocbc,PLN,SGD,PLN/SGD,100,"SGD 40,000 – 100,000",tier_2,,,fxRatesSgd,2026-08-17T07:00:13,2026-08-17T07:00:13,2026-08-17T13:14:25.391293+00:00,35.3008,33.131,,34.2112
native,ocbc,QAR,SGD,QAR/SGD,100,"SGD 0 – 39,999.99",tier_1,,,fxRatesSgd,2026-08-17T07:00:13,2026-08-17T07:00:13,2026-08-17T13:14:25.391293+00:00,36.0291,33.9373,,34.9832
native,ocbc,QAR,SGD,QAR/SGD,100,"SGD 40,000 – 100,000",tier_2,,,fxRatesSgd,2026-08-17T07:00:13,2026-08-17T07:00:13,2026-08-17T13:14:25.391293+00:00,36.0077,33.9545,,34.9832
native,ocbc,RON,SGD,RON/SGD,100,"SGD 0 – 39,999.99",tier_1,,,fxRatesSgd,2026-08-17T07:00:13,2026-08-17T07:00:13,2026-08-17T13:14:25.391293+00:00,0.0,0.0,,0.0
native,ocbc,RON,SGD,RON/SGD,100,"SGD 40,000 – 100,000",tier_2,,,fxRatesSgd,2026-08-17T07:00:13,2026-08-17T07:00:13,2026-08-17T13:14:25.391293+00:00,0.0,0.0,,0.0
native,ocbc,RUB,SGD,RUB/SGD,100,"SGD 0 – 39,999.99",tier_1,,,fxRatesSgd,2026-08-17T07:00:13,2026-08-17T07:00:13,2026-08-17T13:14:25.391293+00:00,0.0,0.0,,0.0
native,ocbc,RUB,SGD,RUB/SGD,100,"SGD 40,000 – 100,000",tier_2,,,fxRatesSgd,2026-08-17T07:00:13,2026-08-17T07:00:13,2026-08-17T13:14:25.391293+00:00,0.0,0.0,,0.0
native,ocbc,SAR,SGD,SAR/SGD,100,"SGD 0 – 39,999.99",tier_1,,,fxRatesSgd,2026-08-17T07:00:13,2026-08-17T07:00:13,2026-08-17T13:14:25.391293+00:00,34.9522,33.0248,,33.9885
native,ocbc,SAR,SGD,SAR/SGD,100,"SGD 40,000 – 100,000",tier_2,,,fxRatesSgd,2026-08-17T07:00:13,2026-08-17T07:00:13,2026-08-17T13:14:25.391293+00:00,34.9349,33.0416,,33.9885
native,ocbc,SEK,SGD,SEK/SGD,100,"SGD 0 – 39,999.99",tier_1,,,fxRatesSgd,2026-08-17T07:00:13,2026-08-17T07:00:13,2026-08-17T13:14:25.391293+00:00,13.688,13.2003,,13.4442
native,ocbc,SEK,SGD,SEK/SGD,100,"SGD 40,000 – 100,000",tier_2,,,fxRatesSgd,2026-08-17T07:00:13,2026-08-17T07:00:13,2026-08-17T13:14:25.391293+00:00,13.6611,13.2271,,13.4442
native,ocbc,THB,SGD,THB/SGD,100,"SGD 0 – 39,999.99",tier_1,,,fxRatesSgd,2026-08-17T07:00:13,2026-08-17T07:00:13,2026-08-17T13:14:25.391293+00:00,3.9754,3.7572,,3.8663
native,ocbc,THB,SGD,THB/SGD,100,"SGD 40,000 – 100,000",tier_2,,,fxRatesSgd,2026-08-17T07:00:13,2026-08-17T07:00:13,2026-08-17T13:14:25.391293+00:00,3.9677,3.765,,3.8663
native,ocbc,TRY,SGD,TRY/SGD,100,"SGD 0 – 39,999.99",tier_1,,,fxRatesSgd,2026-08-17T07:00:13,2026-08-17T07:00:13,2026-08-17T13:14:25.391293+00:00,2.7384,2.6231,,2.6808
native,ocbc,TRY,SGD,TRY/SGD,100,"SGD 40,000 – 100,000",tier_2,,,fxRatesSgd,2026-08-17T07:00:13,2026-08-17T07:00:13,2026-08-17T13:14:25.391293+00:00,2.7371,2.6234,,2.6808
native,ocbc,TWD,SGD,TWD/SGD,100,"SGD 0 – 39,999.99",tier_1,,,fxRatesSgd,2026-08-17T07:00:13,2026-08-17T07:00:13,2026-08-17T13:14:25.391293+00:00,4.1348,0.0,,4.1348
native,ocbc,TWD,SGD,TWD/SGD,100,"SGD 40,000 – 100,000",tier_2,,,fxRatesSgd,2026-08-17T07:00:13,2026-08-17T07:00:13,2026-08-17T13:14:25.391293+00:00,0.0,0.0,,4.1348
native,ocbc,USD,SGD,USD/SGD,1,"SGD 0 – 39,999.99",tier_1,,,fxRatesSgd,2026-08-17T07:00:13,2026-08-17T07:00:13,2026-08-17T13:14:25.391293+00:00,1.2868,1.2655,,1.2762
native,ocbc,USD,SGD,USD/SGD,1,"SGD 40,000 – 100,000",tier_2,,,fxRatesSgd,2026-08-17T07:00:13,2026-08-17T07:00:13,2026-08-17T13:14:25.391293+00:00,1.2853,1.2666,,1.2762
native,ocbc,ZAR,SGD,ZAR/SGD,100,"SGD 0 – 39,999.99",tier_1,,,fxRatesSgd,2026-08-17T07:00:13,2026-08-17T07:00:13,2026-08-17T13:14:25.391293+00:00,8.1341,7.6558,,7.895
native,ocbc,ZAR,SGD,ZAR/SGD,100,"SGD 40,000 – 100,000",tier_2,,,fxRatesSgd,2026-08-17T07:00:13,2026-08-17T07:00:13,2026-08-17T13:14:25.391293+00:00,8.1301,7.6598,,7.895
standardized,dbs,AED,SGD,AED/SGD,1,SGD 50 – 200,amtBtw50And200,"SGD 200 – 39,999.99",std_200_40k,mainCurrencies,2026-08-17 21:00:00,2026-08-17 13:00:13,2026-08-17T13:14:23.808732+00:00,0.35,0.3452,,0.3476
standardized,dbs,AED,SGD,AED/SGD,1,SGD 50 – 200,amtBtw50And200,"SGD 40,000 – 100,000",std_40k_100k,mainCurrencies,2026-08-17 21:00:00,2026-08-17 13:00:13,2026-08-17T13:14:23.808732+00:00,0.35,0.3452,,0.3476
standardized,dbs,AED,SGD,AED/SGD,1,SGD 50 – 200,amtBtw50And200,SGD 50 – 200,std_50_200,mainCurrencies,2026-08-17 21:00:00,2026-08-17 13:00:13,2026-08-17T13:14:23.808732+00:00,0.35,0.3452,,0.3476
standardized,dbs,AED,SGD,AED/SGD,1,SGD < 50,amtLessThan50,SGD < 50,std_lt_50,mainCurrencies,2026-08-17 21:00:00,2026-08-17 13:00:13,2026-08-17T13:14:23.808732+00:00,0.3527,0.3424,,0.34755
standardized,dbs,AUD,SGD,AUD/SGD,1,SGD 50 – 200,amtBtw50And200,"SGD 200 – 39,999.99",std_200_40k,mainCurrencies,2026-08-17 21:00:00,2026-08-17 13:00:13,2026-08-17T13:14:23.808732+00:00,0.9193,0.8992,0.8942,0.90925
standardized,dbs,AUD,SGD,AUD/SGD,1,SGD 50 – 200,amtBtw50And200,"SGD 40,000 – 100,000",std_40k_100k,mainCurrencies,2026-08-17 21:00:00,2026-08-17 13:00:13,2026-08-17T13:14:23.808732+00:00,0.9193,0.8992,0.8942,0.90925
standardized,dbs,AUD,SGD,AUD/SGD,1,SGD 50 – 200,amtBtw50And200,SGD 50 – 200,std_50_200,mainCurrencies,2026-08-17 21:00:00,2026-08-17 13:00:13,2026-08-17T13:14:23.808732+00:00,0.9193,0.8992,0.8942,0.90925
standardized,dbs,AUD,SGD,AUD/SGD,1,SGD < 50,amtLessThan50,SGD < 50,std_lt_50,mainCurrencies,2026-08-17 21:00:00,2026-08-17 13:00:13,2026-08-17T13:14:23.808732+00:00,0.9197,0.8987,0.8942,0.9092
standardized,dbs,BDT,SGD,BDT/SGD,100,SGD 50 – 200,amtBtw50And200,"SGD 200 – 39,999.99",std_200_40k,otherCurrencies,2026-08-17 21:00:00,2026-08-17 13:00:13,2026-08-17T13:14:23.808732+00:00,1.0543,,,
standardized,dbs,BDT,SGD,BDT/SGD,100,SGD 50 – 200,amtBtw50And200,"SGD 40,000 – 100,000",std_40k_100k,otherCurrencies,2026-08-17 21:00:00,2026-08-17 13:00:13,2026-08-17T13:14:23.808732+00:00,1.0543,,,
standardized,dbs,BDT,SGD,BDT/SGD,100,SGD 50 – 200,amtBtw50And200,SGD 50 – 200,std_50_200,otherCurrencies,2026-08-17 21:00:00,2026-08-17 13:00:13,2026-08-17T13:14:23.808732+00:00,1.0543,,,
standardized,dbs,BDT,SGD,BDT/SGD,100,SGD < 50,amtLessThan50,SGD < 50,std_lt_50,otherCurrencies,2026-08-17 21:00:00,2026-08-17 13:00:13,2026-08-17T13:14:23.808732+00:00,1.0543,,,
standardized,dbs,BHD,SGD,BHD/SGD,1,SGD 50 – 200,amtBtw50And200,"SGD 200 – 39,999.99",std_200_40k,otherCurrencies,2026-08-17 21:00:00,2026-08-17 13:00:13,2026-08-17T13:14:23.808732+00:00,3.4668,,,
standardized,dbs,BHD,SGD,BHD/SGD,1,SGD 50 – 200,amtBtw50And200,"SGD 40,000 – 100,000",std_40k_100k,otherCurrencies,2026-08-17 21:00:00,2026-08-17 13:00:13,2026-08-17T13:14:23.808732+00:00,3.4668,,,
standardized,dbs,BHD,SGD,BHD/SGD,1,SGD 50 – 200,amtBtw50And200,SGD 50 – 200,std_50_200,otherCurrencies,2026-08-17 21:00:00,2026-08-17 13:00:13,2026-08-17T13:14:23.808732+00:00,3.4668,,,
standardized,dbs,BHD,SGD,BHD/SGD,1,SGD < 50,amtLessThan50,SGD < 50,std_lt_50,otherCurrencies,2026-08-17 21:00:00,2026-08-17 13:00:13,2026-08-17T13:14:23.808732+00:00,3.4805,,,
standardized,dbs,BND,SGD,BND/SGD,1,SGD 50 – 200,amtBtw50And200,"SGD 200 – 39,999.99",std_200_40k,otherCurrencies,2026-08-17 21:00:00,2026-08-17 13:00:13,2026-08-17T13:14:23.808732+00:00,1.0,1.0,0.9926,1.0
standardized,dbs,BND,SGD,BND/SGD,1,SGD 50 – 200,amtBtw50And200,"SGD 40,000 – 100,000",std_40k_100k,otherCurrencies,2026-08-17 21:00:00,2026-08-17 13:00:13,2026-08-17T13:14:23.808732+00:00,1.0,1.0,0.9926,1.0
standardized,dbs,BND,SGD,BND/SGD,1,SGD 50 – 200,amtBtw50And200,SGD 50 – 200,std_50_200,otherCurrencies,2026-08-17 21:00:00,2026-08-17 13:00:13,2026-08-17T13:14:23.808732+00:00,1.0,1.0,0.9926,1.0
standardized,dbs,BND,SGD,BND/SGD,1,SGD < 50,amtLessThan50,SGD < 50,std_lt_50,otherCurrencies,2026-08-17 21:00:00,2026-08-17 13:00:13,2026-08-17T13:14:23.808732+00:00,1.0,1.0,0.9926,1.0
standardized,dbs,CAD,SGD,CAD/SGD,1,SGD 50 – 200,amtBtw50And200,"SGD 200 – 39,999.99",std_200_40k,mainCurrencies,2026-08-17 21:00:00,2026-08-17 13:00:13,2026-08-17T13:14:23.808732+00:00,0.9285,0.9146,0.9051,0.92155
standardized,dbs,CAD,SGD,CAD/SGD,1,SGD 50 – 200,amtBtw50And200,"SGD 40,000 – 100,000",std_40k_100k,mainCurrencies,2026-08-17 21:00:00,2026-08-17 13:00:13,2026-08-17T13:14:23.808732+00:00,0.9285,0.9146,0.9051,0.92155
standardized,dbs,CAD,SGD,CAD/SGD,1,SGD 50 – 200,amtBtw50And200,SGD 50 – 200,std_50_200,mainCurrencies,2026-08-17 21:00:00,2026-08-17 13:00:13,2026-08-17T13:14:23.808732+00:00,0.9285,0.9146,0.9051,0.92155
standardized,dbs,CAD,SGD,CAD/SGD,1,SGD < 50,amtLessThan50,SGD < 50,std_lt_50,mainCurrencies,2026-08-17 21:00:00,2026-08-17 13:00:13,2026-08-17T13:14:23.808732+00:00,0.9318,0.9114,0.9051,0.9216
standardized,dbs,CHF,SGD,CHF/SGD,1,SGD 50 – 200,amtBtw50And200,"SGD 200 – 39,999.99",std_200_40k,mainCurrencies,2026-08-17 21:00:00,2026-08-17 13:00:13,2026-08-17T13:14:23.808732+00:00,1.5919,1.5618,1.56,1.57685
standardized,dbs,CHF,SGD,CHF/SGD,1,SGD 50 – 200,amtBtw50And200,"SGD 40,000 – 100,000",std_40k_100k,mainCurrencies,2026-08-17 21:00:00,2026-08-17 13:00:13,2026-08-17T13:14:23.808732+00:00,1.5919,1.5618,1.56,1.57685
standardized,dbs,CHF,SGD,CHF/SGD,1,SGD 50 – 200,amtBtw50And200,SGD 50 – 200,std_50_200,mainCurrencies,2026-08-17 21:00:00,2026-08-17 13:00:13,2026-08-17T13:14:23.808732+00:00,1.5919,1.5618,1.56,1.57685
standardized,dbs,CHF,SGD,CHF/SGD,1,SGD < 50,amtLessThan50,SGD < 50,std_lt_50,mainCurrencies,2026-08-17 21:00:00,2026-08-17 13:00:13,2026-08-17T13:14:23.808732+00:00,1.5927,1.561,1.56,1.5768499999999999
standardized,dbs,CNH,SGD,CNH/SGD,1,SGD 50 – 200,amtBtw50And200,"SGD 200 – 39,999.99",std_200_40k,mainCurrencies,2026-08-17 21:00:00,2026-08-17 13:00:13,2026-08-17T13:14:23.808732+00:00,0.1915,0.1871,,0.1893
standardized,dbs,CNH,SGD,CNH/SGD,1,SGD 50 – 200,amtBtw50And200,"SGD 40,000 – 100,000",std_40k_100k,mainCurrencies,2026-08-17 21:00:00,2026-08-17 13:00:13,2026-08-17T13:14:23.808732+00:00,0.1915,0.1871,,0.1893
standardized,dbs,CNH,SGD,CNH/SGD,1,SGD 50 – 200,amtBtw50And200,SGD 50 – 200,std_50_200,mainCurrencies,2026-08-17 21:00:00,2026-08-17 13:00:13,2026-08-17T13:14:23.808732+00:00,0.1915,0.1871,,0.1893
standardized,dbs,CNH,SGD,CNH/SGD,1,SGD < 50,amtLessThan50,SGD < 50,std_lt_50,mainCurrencies,2026-08-17 21:00:00,2026-08-17 13:00:13,2026-08-17T13:14:23.808732+00:00,0.1922,0.1865,,0.18935000000000002
standardized,dbs,CNY,SGD,CNY/SGD,1,SGD 50 – 200,amtBtw50And200,"SGD 200 – 39,999.99",std_200_40k,otherCurrencies,2026-08-17 21:00:00,2026-08-17 13:00:13,2026-08-17T13:14:23.808732+00:00,0.1894,,,
standardized,dbs,CNY,SGD,CNY/SGD,1,SGD 50 – 200,amtBtw50And200,"SGD 40,000 – 100,000",std_40k_100k,otherCurrencies,2026-08-17 21:00:00,2026-08-17 13:00:13,2026-08-17T13:14:23.808732+00:00,0.1894,,,
standardized,dbs,CNY,SGD,CNY/SGD,1,SGD 50 – 200,amtBtw50And200,SGD 50 – 200,std_50_200,otherCurrencies,2026-08-17 21:00:00,2026-08-17 13:00:13,2026-08-17T13:14:23.808732+00:00,0.1894,,,
standardized,dbs,CNY,SGD,CNY/SGD,1,SGD < 50,amtLessThan50,SGD < 50,std_lt_50,otherCurrencies,2026-08-17 21:00:00,2026-08-17 13:00:13,2026-08-17T13:14:23.808732+00:00,0.1911,,,
standardized,dbs,DKK,SGD,DKK/SGD,1,SGD 50 – 200,amtBtw50And200,"SGD 200 – 39,999.99",std_200_40k,mainCurrencies,2026-08-17 21:00:00,2026-08-17 13:00:13,2026-08-17T13:14:23.808732+00:00,0.2007,0.1952,0.1923,0.19795000000000001
standardized,dbs,DKK,SGD,DKK/SGD,1,SGD 50 – 200,amtBtw50And200,"SGD 40,000 – 100,000",std_40k_100k,mainCurrencies,2026-08-17 21:00:00,2026-08-17 13:00:13,2026-08-17T13:14:23.808732+00:00,0.2007,0.1952,0.1923,0.19795000000000001
standardized,dbs,DKK,SGD,DKK/SGD,1,SGD 50 – 200,amtBtw50And200,SGD 50 – 200,std_50_200,mainCurrencies,2026-08-17 21:00:00,2026-08-17 13:00:13,2026-08-17T13:14:23.808732+00:00,0.2007,0.1952,0.1923,0.19795000000000001
standardized,dbs,DKK,SGD,DKK/SGD,1,SGD < 50,amtLessThan50,SGD < 50,std_lt_50,mainCurrencies,2026-08-17 21:00:00,2026-08-17 13:00:13,2026-08-17T13:14:23.808732+00:00,0.2011,0.1949,0.1923,0.198
standardized,dbs,EUR,SGD,EUR/SGD,1,SGD 50 – 200,amtBtw50And200,"SGD 200 – 39,999.99",std_200_40k,mainCurrencies,2026-08-17 21:00:00,2026-08-17 13:00:13,2026-08-17T13:14:23.808732+00:00,1.493,1.4677,1.4588,1.48035
standardized,dbs,EUR,SGD,EUR/SGD,1,SGD 50 – 200,amtBtw50And200,"SGD 40,000 – 100,000",std_40k_100k,mainCurrencies,2026-08-17 21:00:00,2026-08-17 13:00:13,2026-08-17T13:14:23.808732+00:00,1.493,1.4677,1.4588,1.48035
standardized,dbs,EUR,SGD,EUR/SGD,1,SGD 50 – 200,amtBtw50And200,SGD 50 – 200,std_50_200,mainCurrencies,2026-08-17 21:00:00,2026-08-17 13:00:13,2026-08-17T13:14:23.808732+00:00,1.493,1.4677,1.4588,1.48035
standardized,dbs,EUR,SGD,EUR/SGD,1,SGD < 50,amtLessThan50,SGD < 50,std_lt_50,mainCurrencies,2026-08-17 21:00:00,2026-08-17 13:00:13,2026-08-17T13:14:23.808732+00:00,1.4938,1.467,1.4588,1.4804
standardized,dbs,GBP,SGD,GBP/SGD,1,SGD 50 – 200,amtBtw50And200,"SGD 200 – 39,999.99",std_200_40k,mainCurrencies,2026-08-17 21:00:00,2026-08-17 13:00:13,2026-08-17T13:14:23.808732+00:00,1.7433,1.7188,1.7017,1.7310500000000002
standardized,dbs,GBP,SGD,GBP/SGD,1,SGD 50 – 200,amtBtw50And200,"SGD 40,000 – 100,000",std_40k_100k,mainCurrencies,2026-08-17 21:00:00,2026-08-17 13:00:13,2026-08-17T13:14:23.808732+00:00,1.7433,1.7188,1.7017,1.7310500000000002
standardized,dbs,GBP,SGD,GBP/SGD,1,SGD 50 – 200,amtBtw50And200,SGD 50 – 200,std_50_200,mainCurrencies,2026-08-17 21:00:00,2026-08-17 13:00:13,2026-08-17T13:14:23.808732+00:00,1.7433,1.7188,1.7017,1.7310500000000002
standardized,dbs,GBP,SGD,GBP/SGD,1,SGD < 50,amtLessThan50,SGD < 50,std_lt_50,mainCurrencies,2026-08-17 21:00:00,2026-08-17 13:00:13,2026-08-17T13:14:23.808732+00:00,1.745,1.7171,1.7017,1.7310500000000002
standardized,dbs,HKD,SGD,HKD/SGD,1,SGD 50 – 200,amtBtw50And200,"SGD 200 – 39,999.99",std_200_40k,mainCurrencies,2026-08-17 21:00:00,2026-08-17 13:00:13,2026-08-17T13:14:23.808732+00:00,0.1643,0.161,0.1591,0.16265000000000002
standardized,dbs,HKD,SGD,HKD/SGD,1,SGD 50 – 200,amtBtw50And200,"SGD 40,000 – 100,000",std_40k_100k,mainCurrencies,2026-08-17 21:00:00,2026-08-17 13:00:13,2026-08-17T13:14:23.808732+00:00,0.1643,0.161,0.1591,0.16265000000000002
standardized,dbs,HKD,SGD,HKD/SGD,1,SGD 50 – 200,amtBtw50And200,SGD 50 – 200,std_50_200,mainCurrencies,2026-08-17 21:00:00,2026-08-17 13:00:13,2026-08-17T13:14:23.808732+00:00,0.1643,0.161,0.1591,0.16265000000000002
standardized,dbs,HKD,SGD,HKD/SGD,1,SGD < 50,amtLessThan50,SGD < 50,std_lt_50,mainCurrencies,2026-08-17 21:00:00,2026-08-17 13:00:13,2026-08-17T13:14:23.808732+00:00,0.1645,0.1609,0.1591,0.1627
standardized,dbs,HUF,SGD,HUF/SGD,100,SGD 50 – 200,amtBtw50And200,"SGD 200 – 39,999.99",std_200_40k,otherCurrencies,2026-08-17 21:00:00,2026-08-17 13:00:13,2026-08-17T13:14:23.808732+00:00,0.4147,,,
standardized,dbs,HUF,SGD,HUF/SGD,100,SGD 50 – 200,amtBtw50And200,"SGD 40,000 – 100,000",std_40k_100k,otherCurrencies,2026-08-17 21:00:00,2026-08-17 13:00:13,2026-08-17T13:14:23.808732+00:00,0.4147,,,
standardized,dbs,HUF,SGD,HUF/SGD,100,SGD 50 – 200,amtBtw50And200,SGD 50 – 200,std_50_200,otherCurrencies,2026-08-17 21:00:00,2026-08-17 13:00:13,2026-08-17T13:14:23.808732+00:00,0.4147,,,
standardized,dbs,HUF,SGD,HUF/SGD,100,SGD < 50,amtLessThan50,SGD < 50,std_lt_50,otherCurrencies,2026-08-17 21:00:00,2026-08-17 13:00:13,2026-08-17T13:14:23.808732+00:00,0.4164,,,
standardized,dbs,ID0,SGD,ID0/SGD,100,SGD 50 – 200,amtBtw50And200,"SGD 200 – 39,999.99",std_200_40k,otherCurrencies,2026-08-17 21:00:00,2026-08-17 13:00:13,2026-08-17T13:14:23.808732+00:00,,,,
standardized,dbs,ID0,SGD,ID0/SGD,100,SGD 50 – 200,amtBtw50And200,"SGD 40,000 – 100,000",std_40k_100k,otherCurrencies,2026-08-17 21:00:00,2026-08-17 13:00:13,2026-08-17T13:14:23.808732+00:00,,,,
standardized,dbs,ID0,SGD,ID0/SGD,100,SGD 50 – 200,amtBtw50And200,SGD 50 – 200,std_50_200,otherCurrencies,2026-08-17 21:00:00,2026-08-17 13:00:13,2026-08-17T13:14:23.808732+00:00,,,,
standardized,dbs,ID0,SGD,ID0/SGD,100,SGD < 50,amtLessThan50,SGD < 50,std_lt_50,otherCurrencies,2026-08-17 21:00:00,2026-08-17 13:00:13,2026-08-17T13:14:23.808732+00:00,,0.0071,,
standardized,dbs,IDR,SGD,IDR/SGD,100,SGD 50 – 200,amtBtw50And200,"SGD 200 – 39,999.99",std_200_40k,mainCurrencies,2026-08-17 21:00:00,2026-08-17 13:00:13,2026-08-17T13:14:23.808732+00:00,0.0073,,,
standardized,dbs,IDR,SGD,IDR/SGD,100,SGD 50 – 200,amtBtw50And200,"SGD 40,000 – 100,000",std_40k_100k,mainCurrencies,2026-08-17 21:00:00,2026-08-17 13:00:13,2026-08-17T13:14:23.808732+00:00,0.0073,,,
standardized,dbs,IDR,SGD,IDR/SGD,100,SGD 50 – 200,amtBtw50And200,SGD 50 – 200,std_50_200,mainCurrencies,2026-08-17 21:00:00,2026-08-17 13:00:13,2026-08-17T13:14:23.808732+00:00,0.0073,,,
standardized,dbs,IDR,SGD,IDR/SGD,100,SGD < 50,amtLessThan50,SGD < 50,std_lt_50,mainCurrencies,2026-08-17 21:00:00,2026-08-17 13:00:13,2026-08-17T13:14:23.808732+00:00,0.0073,,,
standardized,dbs,IN0,SGD,IN0/SGD,100,SGD 50 – 200,amtBtw50And200,"SGD 200 – 39,999.99",std_200_40k,otherCurrencies,2026-08-17 21:00:00,2026-08-17 13:00:13,2026-08-17T13:14:23.808732+00:00,,1.3313,,
standardized,dbs,IN0,SGD,IN0/SGD,100,SGD 50 – 200,amtBtw50And200,"SGD 40,000 – 100,000",std_40k_100k,otherCurrencies,2026-08-17 21:00:00,2026-08-17 13:00:13,2026-08-17T13:14:23.808732+00:00,,1.3313,,
standardized,dbs,IN0,SGD,IN0/SGD,100,SGD 50 – 200,amtBtw50And200,SGD 50 – 200,std_50_200,otherCurrencies,2026-08-17 21:00:00,2026-08-17 13:00:13,2026-08-17T13:14:23.808732+00:00,,1.3313,,
standardized,dbs,IN0,SGD,IN0/SGD,100,SGD < 50,amtLessThan50,SGD < 50,std_lt_50,otherCurrencies,2026-08-17 21:00:00,2026-08-17 13:00:13,2026-08-17T13:14:23.808732+00:00,,1.3313,,
standardized,dbs,INR,SGD,INR/SGD,100,SGD 50 – 200,amtBtw50And200,"SGD 200 – 39,999.99",std_200_40k,otherCurrencies,2026-08-17 21:00:00,2026-08-17 13:00:13,2026-08-17T13:14:23.808732+00:00,1.3494,,,
standardized,dbs,INR,SGD,INR/SGD,100,SGD 50 – 200,amtBtw50And200,"SGD 40,000 – 100,000",std_40k_100k,otherCurrencies,2026-08-17 21:00:00,2026-08-17 13:00:13,2026-08-17T13:14:23.808732+00:00,1.3494,,,
standardized,dbs,INR,SGD,INR/SGD,100,SGD 50 – 200,amtBtw50And200,SGD 50 – 200,std_50_200,otherCurrencies,2026-08-17 21:00:00,2026-08-17 13:00:13,2026-08-17T13:14:23.808732+00:00,1.3494,,,
standardized,dbs,INR,SGD,INR/SGD,100,SGD < 50,amtLessThan50,SGD < 50,std_lt_50,otherCurrencies,2026-08-17 21:00:00,2026-08-17 13:00:13,2026-08-17T13:14:23.808732+00:00,1.3602,,,
standardized,dbs,JPY,SGD,JPY/SGD,100,SGD 50 – 200,amtBtw50And200,"SGD 200 – 39,999.99",std_200_40k,mainCurrencies,2026-08-17 21:00:00,2026-08-17 13:00:13,2026-08-17T13:14:23.808732+00:00,0.8096,0.7935,0.79,0.80155
standardized,dbs,JPY,SGD,JPY/SGD,100,SGD 50 – 200,amtBtw50And200,"SGD 40,000 – 100,000",std_40k_100k,mainCurrencies,2026-08-17 21:00:00,2026-08-17 13:00:13,2026-08-17T13:14:23.808732+00:00,0.8096,0.7935,0.79,0.80155
standardized,dbs,JPY,SGD,JPY/SGD,100,SGD 50 – 200,amtBtw50And200,SGD 50 – 200,std_50_200,mainCurrencies,2026-08-17 21:00:00,2026-08-17 13:00:13,2026-08-17T13:14:23.808732+00:00,0.8096,0.7935,0.79,0.80155
standardized,dbs,JPY,SGD,JPY/SGD,100,SGD < 50,amtLessThan50,SGD < 50,std_lt_50,mainCurrencies,2026-08-17 21:00:00,2026-08-17 13:00:13,2026-08-17T13:14:23.808732+00:00,0.8104,0.7927,0.79,0.80155
standardized,dbs,KRW,SGD,KRW/SGD,100,SGD 50 – 200,amtBtw50And200,"SGD 200 – 39,999.99",std_200_40k,otherCurrencies,2026-08-17 21:00:00,2026-08-17 13:00:13,2026-08-17T13:14:23.808732+00:00,0.0916,,,
standardized,dbs,KRW,SGD,KRW/SGD,100,SGD 50 – 200,amtBtw50And200,"SGD 40,000 – 100,000",std_40k_100k,otherCurrencies,2026-08-17 21:00:00,2026-08-17 13:00:13,2026-08-17T13:14:23.808732+00:00,0.0916,,,
standardized,dbs,KRW,SGD,KRW/SGD,100,SGD 50 – 200,amtBtw50And200,SGD 50 – 200,std_50_200,otherCurrencies,2026-08-17 21:00:00,2026-08-17 13:00:13,2026-08-17T13:14:23.808732+00:00,0.0916,,,
standardized,dbs,KRW,SGD,KRW/SGD,100,SGD < 50,amtLessThan50,SGD < 50,std_lt_50,otherCurrencies,2026-08-17 21:00:00,2026-08-17 13:00:13,2026-08-17T13:14:23.808732+00:00,0.0916,,,
standardized,dbs,KWD,SGD,KWD/SGD,100,SGD 50 – 200,amtBtw50And200,"SGD 200 – 39,999.99",std_200_40k,otherCurrencies,2026-08-17 21:00:00,2026-08-17 13:00:13,2026-08-17T13:14:23.808732+00:00,423.8862,,,
standardized,dbs,KWD,SGD,KWD/SGD,100,SGD 50 – 200,amtBtw50And200,"SGD 40,000 – 100,000",std_40k_100k,otherCurrencies,2026-08-17 21:00:00,2026-08-17 13:00:13,2026-08-17T13:14:23.808732+00:00,423.8862,,,
standardized,dbs,KWD,SGD,KWD/SGD,100,SGD 50 – 200,amtBtw50And200,SGD 50 – 200,std_50_200,otherCurrencies,2026-08-17 21:00:00,2026-08-17 13:00:13,2026-08-17T13:14:23.808732+00:00,423.8862,,,
standardized,dbs,KWD,SGD,KWD/SGD,100,SGD < 50,amtLessThan50,SGD < 50,std_lt_50,otherCurrencies,2026-08-17 21:00:00,2026-08-17 13:00:13,2026-08-17T13:14:23.808732+00:00,425.548,,,
standardized,dbs,LKR,SGD,LKR/SGD,100,SGD 50 – 200,amtBtw50And200,"SGD 200 – 39,999.99",std_200_40k,otherCurrencies,2026-08-17 21:00:00,2026-08-17 13:00:13,2026-08-17T13:14:23.808732+00:00,0.3919,,,
standardized,dbs,LKR,SGD,LKR/SGD,100,SGD 50 – 200,amtBtw50And200,"SGD 40,000 – 100,000",std_40k_100k,otherCurrencies,2026-08-17 21:00:00,2026-08-17 13:00:13,2026-08-17T13:14:23.808732+00:00,0.3919,,,
standardized,dbs,LKR,SGD,LKR/SGD,100,SGD 50 – 200,amtBtw50And200,SGD 50 – 200,std_50_200,otherCurrencies,2026-08-17 21:00:00,2026-08-17 13:00:13,2026-08-17T13:14:23.808732+00:00,0.3919,,,
standardized,dbs,LKR,SGD,LKR/SGD,100,SGD < 50,amtLessThan50,SGD < 50,std_lt_50,otherCurrencies,2026-08-17 21:00:00,2026-08-17 13:00:13,2026-08-17T13:14:23.808732+00:00,0.3918,,,
standardized,dbs,MM1,SGD,MM1/SGD,100,SGD 50 – 200,amtBtw50And200,"SGD 200 – 39,999.99",std_200_40k,otherCurrencies,2026-08-17 21:00:00,2026-08-17 13:00:13,2026-08-17T13:14:23.808732+00:00,,,,
standardized,dbs,MM1,SGD,MM1/SGD,100,SGD 50 – 200,amtBtw50And200,"SGD 40,000 – 100,000",std_40k_100k,otherCurrencies,2026-08-17 21:00:00,2026-08-17 13:00:13,2026-08-17T13:14:23.808732+00:00,,,,
standardized,dbs,MM1,SGD,MM1/SGD,100,SGD 50 – 200,amtBtw50And200,SGD 50 – 200,std_50_200,otherCurrencies,2026-08-17 21:00:00,2026-08-17 13:00:13,2026-08-17T13:14:23.808732+00:00,,,,
standardized,dbs,MM1,SGD,MM1/SGD,100,SGD < 50,amtLessThan50,SGD < 50,std_lt_50,otherCurrencies,2026-08-17 21:00:00,2026-08-17 13:00:13,2026-08-17T13:14:23.808732+00:00,,,,
standardized,dbs,MMK,SGD,MMK/SGD,100,SGD 50 – 200,amtBtw50And200,"SGD 200 – 39,999.99",std_200_40k,otherCurrencies,2026-08-17 21:00:00,2026-08-17 13:00:13,2026-08-17T13:14:23.808732+00:00,0.0326,,,
standardized,dbs,MMK,SGD,MMK/SGD,100,SGD 50 – 200,amtBtw50And200,"SGD 40,000 – 100,000",std_40k_100k,otherCurrencies,2026-08-17 21:00:00,2026-08-17 13:00:13,2026-08-17T13:14:23.808732+00:00,0.0326,,,
standardized,dbs,MMK,SGD,MMK/SGD,100,SGD 50 – 200,amtBtw50And200,SGD 50 – 200,std_50_200,otherCurrencies,2026-08-17 21:00:00,2026-08-17 13:00:13,2026-08-17T13:14:23.808732+00:00,0.0326,,,
standardized,dbs,MMK,SGD,MMK/SGD,100,SGD < 50,amtLessThan50,SGD < 50,std_lt_50,otherCurrencies,2026-08-17 21:00:00,2026-08-17 13:00:13,2026-08-17T13:14:23.808732+00:00,0.0326,,,
standardized,dbs,MUR,SGD,MUR/SGD,100,SGD 50 – 200,amtBtw50And200,"SGD 200 – 39,999.99",std_200_40k,otherCurrencies,2026-08-17 21:00:00,2026-08-17 13:00:13,2026-08-17T13:14:23.808732+00:00,2.7585,,,
standardized,dbs,MUR,SGD,MUR/SGD,100,SGD 50 – 200,amtBtw50And200,"SGD 40,000 – 100,000",std_40k_100k,otherCurrencies,2026-08-17 21:00:00,2026-08-17 13:00:13,2026-08-17T13:14:23.808732+00:00,2.7585,,,
standardized,dbs,MUR,SGD,MUR/SGD,100,SGD 50 – 200,amtBtw50And200,SGD 50 – 200,std_50_200,otherCurrencies,2026-08-17 21:00:00,2026-08-17 13:00:13,2026-08-17T13:14:23.808732+00:00,2.7585,,,
standardized,dbs,MUR,SGD,MUR/SGD,100,SGD < 50,amtLessThan50,SGD < 50,std_lt_50,otherCurrencies,2026-08-17 21:00:00,2026-08-17 13:00:13,2026-08-17T13:14:23.808732+00:00,2.7693,,,
standardized,dbs,MXN,SGD,MXN/SGD,100,SGD 50 – 200,amtBtw50And200,"SGD 200 – 39,999.99",std_200_40k,mainCurrencies,2026-08-17 21:00:00,2026-08-17 13:00:13,2026-08-17T13:14:23.808732+00:00,7.6111,,,
standardized,dbs,MXN,SGD,MXN/SGD,100,SGD 50 – 200,amtBtw50And200,"SGD 40,000 – 100,000",std_40k_100k,mainCurrencies,2026-08-17 21:00:00,2026-08-17 13:00:13,2026-08-17T13:14:23.808732+00:00,7.6111,,,
standardized,dbs,MXN,SGD,MXN/SGD,100,SGD 50 – 200,amtBtw50And200,SGD 50 – 200,std_50_200,mainCurrencies,2026-08-17 21:00:00,2026-08-17 13:00:13,2026-08-17T13:14:23.808732+00:00,7.6111,,,
standardized,dbs,MXN,SGD,MXN/SGD,100,SGD < 50,amtLessThan50,SGD < 50,std_lt_50,mainCurrencies,2026-08-17 21:00:00,2026-08-17 13:00:13,2026-08-17T13:14:23.808732+00:00,7.6124,,,
standardized,dbs,MY0,SGD,MY0/SGD,1,SGD 50 – 200,amtBtw50And200,"SGD 200 – 39,999.99",std_200_40k,otherCurrencies,2026-08-17 21:00:00,2026-08-17 13:00:13,2026-08-17T13:14:23.808732+00:00,,0.3141,,
standardized,dbs,MY0,SGD,MY0/SGD,1,SGD 50 – 200,amtBtw50And200,"SGD 40,000 – 100,000",std_40k_100k,otherCurrencies,2026-08-17 21:00:00,2026-08-17 13:00:13,2026-08-17T13:14:23.808732+00:00,,0.3141,,
standardized,dbs,MY0,SGD,MY0/SGD,1,SGD 50 – 200,amtBtw50And200,SGD 50 – 200,std_50_200,otherCurrencies,2026-08-17 21:00:00,2026-08-17 13:00:13,2026-08-17T13:14:23.808732+00:00,,0.3141,,
standardized,dbs,MY0,SGD,MY0/SGD,1,SGD < 50,amtLessThan50,SGD < 50,std_lt_50,otherCurrencies,2026-08-17 21:00:00,2026-08-17 13:00:13,2026-08-17T13:14:23.808732+00:00,,0.3141,,
standardized,dbs,MYR,SGD,MYR/SGD,1,SGD 50 – 200,amtBtw50And200,"SGD 200 – 39,999.99",std_200_40k,otherCurrencies,2026-08-17 21:00:00,2026-08-17 13:00:13,2026-08-17T13:14:23.808732+00:00,0.3181,,,
standardized,dbs,MYR,SGD,MYR/SGD,1,SGD 50 – 200,amtBtw50And200,"SGD 40,000 – 100,000",std_40k_100k,otherCurrencies,2026-08-17 21:00:00,2026-08-17 13:00:13,2026-08-17T13:14:23.808732+00:00,0.3181,,,
standardized,dbs,MYR,SGD,MYR/SGD,1,SGD 50 – 200,amtBtw50And200,SGD 50 – 200,std_50_200,otherCurrencies,2026-08-17 21:00:00,2026-08-17 13:00:13,2026-08-17T13:14:23.808732+00:00,0.3181,,,
standardized,dbs,MYR,SGD,MYR/SGD,1,SGD < 50,amtLessThan50,SGD < 50,std_lt_50,otherCurrencies,2026-08-17 21:00:00,2026-08-17 13:00:13,2026-08-17T13:14:23.808732+00:00,0.3181,,,
standardized,dbs,NOK,SGD,NOK/SGD,1,SGD 50 – 200,amtBtw50And200,"SGD 200 – 39,999.99",std_200_40k,mainCurrencies,2026-08-17 21:00:00,2026-08-17 13:00:13,2026-08-17T13:14:23.808732+00:00,0.1376,0.1338,0.1305,0.1357
standardized,dbs,NOK,SGD,NOK/SGD,1,SGD 50 – 200,amtBtw50And200,"SGD 40,000 – 100,000",std_40k_100k,mainCurrencies,2026-08-17 21:00:00,2026-08-17 13:00:13,2026-08-17T13:14:23.808732+00:00,0.1376,0.1338,0.1305,0.1357
standardized,dbs,NOK,SGD,NOK/SGD,1,SGD 50 – 200,amtBtw50And200,SGD 50 – 200,std_50_200,mainCurrencies,2026-08-17 21:00:00,2026-08-17 13:00:13,2026-08-17T13:14:23.808732+00:00,0.1376,0.1338,0.1305,0.1357
standardized,dbs,NOK,SGD,NOK/SGD,1,SGD < 50,amtLessThan50,SGD < 50,std_lt_50,mainCurrencies,2026-08-17 21:00:00,2026-08-17 13:00:13,2026-08-17T13:14:23.808732+00:00,0.138,0.1334,0.1305,0.1357
standardized,dbs,NZD,SGD,NZD/SGD,1,SGD 50 – 200,amtBtw50And200,"SGD 200 – 39,999.99",std_200_40k,mainCurrencies,2026-08-17 21:00:00,2026-08-17 13:00:13,2026-08-17T13:14:23.808732+00:00,0.764,0.7465,0.7394,0.75525
standardized,dbs,NZD,SGD,NZD/SGD,1,SGD 50 – 200,amtBtw50And200,"SGD 40,000 – 100,000",std_40k_100k,mainCurrencies,2026-08-17 21:00:00,2026-08-17 13:00:13,2026-08-17T13:14:23.808732+00:00,0.764,0.7465,0.7394,0.75525
standardized,dbs,NZD,SGD,NZD/SGD,1,SGD 50 – 200,amtBtw50And200,SGD 50 – 200,std_50_200,mainCurrencies,2026-08-17 21:00:00,2026-08-17 13:00:13,2026-08-17T13:14:23.808732+00:00,0.764,0.7465,0.7394,0.75525
standardized,dbs,NZD,SGD,NZD/SGD,1,SGD < 50,amtLessThan50,SGD < 50,std_lt_50,mainCurrencies,2026-08-17 21:00:00,2026-08-17 13:00:13,2026-08-17T13:14:23.808732+00:00,0.7648,0.7457,0.7394,0.75525
standardized,dbs,OMR,SGD,OMR/SGD,1,SGD 50 – 200,amtBtw50And200,"SGD 200 – 39,999.99",std_200_40k,otherCurrencies,2026-08-17 21:00:00,2026-08-17 13:00:13,2026-08-17T13:14:23.808732+00:00,3.3399,,,
standardized,dbs,OMR,SGD,OMR/SGD,1,SGD 50 – 200,amtBtw50And200,"SGD 40,000 – 100,000",std_40k_100k,otherCurrencies,2026-08-17 21:00:00,2026-08-17 13:00:13,2026-08-17T13:14:23.808732+00:00,3.3399,,,
standardized,dbs,OMR,SGD,OMR/SGD,1,SGD 50 – 200,amtBtw50And200,SGD 50 – 200,std_50_200,otherCurrencies,2026-08-17 21:00:00,2026-08-17 13:00:13,2026-08-17T13:14:23.808732+00:00,3.3399,,,
standardized,dbs,OMR,SGD,OMR/SGD,1,SGD < 50,amtLessThan50,SGD < 50,std_lt_50,otherCurrencies,2026-08-17 21:00:00,2026-08-17 13:00:13,2026-08-17T13:14:23.808732+00:00,3.3399,,,
standardized,dbs,PH0,SGD,PH0/SGD,100,SGD 50 – 200,amtBtw50And200,"SGD 200 – 39,999.99",std_200_40k,otherCurrencies,2026-08-17 21:00:00,2026-08-17 13:00:13,2026-08-17T13:14:23.808732+00:00,,2.0675,,
standardized,dbs,PH0,SGD,PH0/SGD,100,SGD 50 – 200,amtBtw50And200,"SGD 40,000 – 100,000",std_40k_100k,otherCurrencies,2026-08-17 21:00:00,2026-08-17 13:00:13,2026-08-17T13:14:23.808732+00:00,,2.0675,,
standardized,dbs,PH0,SGD,PH0/SGD,100,SGD 50 – 200,amtBtw50And200,SGD 50 – 200,std_50_200,otherCurrencies,2026-08-17 21:00:00,2026-08-17 13:00:13,2026-08-17T13:14:23.808732+00:00,,2.0675,,
standardized,dbs,PH0,SGD,PH0/SGD,100,SGD < 50,amtLessThan50,SGD < 50,std_lt_50,otherCurrencies,2026-08-17 21:00:00,2026-08-17 13:00:13,2026-08-17T13:14:23.808732+00:00,,2.0675,,
standardized,dbs,PHP,SGD,PHP/SGD,100,SGD 50 – 200,amtBtw50And200,"SGD 200 – 39,999.99",std_200_40k,otherCurrencies,2026-08-17 21:00:00,2026-08-17 13:00:13,2026-08-17T13:14:23.808732+00:00,2.0984,,,
standardized,dbs,PHP,SGD,PHP/SGD,100,SGD 50 – 200,amtBtw50And200,"SGD 40,000 – 100,000",std_40k_100k,otherCurrencies,2026-08-17 21:00:00,2026-08-17 13:00:13,2026-08-17T13:14:23.808732+00:00,2.0984,,,
standardized,dbs,PHP,SGD,PHP/SGD,100,SGD 50 – 200,amtBtw50And200,SGD 50 – 200,std_50_200,otherCurrencies,2026-08-17 21:00:00,2026-08-17 13:00:13,2026-08-17T13:14:23.808732+00:00,2.0984,,,
standardized,dbs,PHP,SGD,PHP/SGD,100,SGD < 50,amtLessThan50,SGD < 50,std_lt_50,otherCurrencies,2026-08-17 21:00:00,2026-08-17 13:00:13,2026-08-17T13:14:23.808732+00:00,2.114,,,
standardized,dbs,PLN,SGD,PLN/SGD,1,SGD 50 – 200,amtBtw50And200,"SGD 200 – 39,999.99",std_200_40k,otherCurrencies,2026-08-17 21:00:00,2026-08-17 13:00:13,2026-08-17T13:14:23.808732+00:00,0.3497,,,
standardized,dbs,PLN,SGD,PLN/SGD,1,SGD 50 – 200,amtBtw50And200,"SGD 40,000 – 100,000",std_40k_100k,otherCurrencies,2026-08-17 21:00:00,2026-08-17 13:00:13,2026-08-17T13:14:23.808732+00:00,0.3497,,,
standardized,dbs,PLN,SGD,PLN/SGD,1,SGD 50 – 200,amtBtw50And200,SGD 50 – 200,std_50_200,otherCurrencies,2026-08-17 21:00:00,2026-08-17 13:00:13,2026-08-17T13:14:23.808732+00:00,0.3497,,,
standardized,dbs,PLN,SGD,PLN/SGD,1,SGD < 50,amtLessThan50,SGD < 50,std_lt_50,otherCurrencies,2026-08-17 21:00:00,2026-08-17 13:00:13,2026-08-17T13:14:23.808732+00:00,0.3511,,,
standardized,dbs,QAR,SGD,QAR/SGD,1,SGD 50 – 200,amtBtw50And200,"SGD 200 – 39,999.99",std_200_40k,otherCurrencies,2026-08-17 21:00:00,2026-08-17 13:00:13,2026-08-17T13:14:23.808732+00:00,0.358,,,
standardized,dbs,QAR,SGD,QAR/SGD,1,SGD 50 – 200,amtBtw50And200,"SGD 40,000 – 100,000",std_40k_100k,otherCurrencies,2026-08-17 21:00:00,2026-08-17 13:00:13,2026-08-17T13:14:23.808732+00:00,0.358,,,
standardized,dbs,QAR,SGD,QAR/SGD,1,SGD 50 – 200,amtBtw50And200,SGD 50 – 200,std_50_200,otherCurrencies,2026-08-17 21:00:00,2026-08-17 13:00:13,2026-08-17T13:14:23.808732+00:00,0.358,,,
standardized,dbs,QAR,SGD,QAR/SGD,1,SGD < 50,amtLessThan50,SGD < 50,std_lt_50,otherCurrencies,2026-08-17 21:00:00,2026-08-17 13:00:13,2026-08-17T13:14:23.808732+00:00,0.3594,,,
standardized,dbs,RUB,SGD,RUB/SGD,100,SGD 50 – 200,amtBtw50And200,"SGD 200 – 39,999.99",std_200_40k,mainCurrencies,2026-08-17 21:00:00,2026-08-17 13:00:13,2026-08-17T13:14:23.808732+00:00,,,,
standardized,dbs,RUB,SGD,RUB/SGD,100,SGD 50 – 200,amtBtw50And200,"SGD 40,000 – 100,000",std_40k_100k,mainCurrencies,2026-08-17 21:00:00,2026-08-17 13:00:13,2026-08-17T13:14:23.808732+00:00,,,,
standardized,dbs,RUB,SGD,RUB/SGD,100,SGD 50 – 200,amtBtw50And200,SGD 50 – 200,std_50_200,mainCurrencies,2026-08-17 21:00:00,2026-08-17 13:00:13,2026-08-17T13:14:23.808732+00:00,,,,
standardized,dbs,RUB,SGD,RUB/SGD,100,SGD < 50,amtLessThan50,SGD < 50,std_lt_50,mainCurrencies,2026-08-17 21:00:00,2026-08-17 13:00:13,2026-08-17T13:14:23.808732+00:00,,,,
standardized,dbs,SAR,SGD,SAR/SGD,100,SGD 50 – 200,amtBtw50And200,"SGD 200 – 39,999.99",std_200_40k,otherCurrencies,2026-08-17 21:00:00,2026-08-17 13:00:13,2026-08-17T13:14:23.808732+00:00,34.4263,,,
standardized,dbs,SAR,SGD,SAR/SGD,100,SGD 50 – 200,amtBtw50And200,"SGD 40,000 – 100,000",std_40k_100k,otherCurrencies,2026-08-17 21:00:00,2026-08-17 13:00:13,2026-08-17T13:14:23.808732+00:00,34.4263,,,
standardized,dbs,SAR,SGD,SAR/SGD,100,SGD 50 – 200,amtBtw50And200,SGD 50 – 200,std_50_200,otherCurrencies,2026-08-17 21:00:00,2026-08-17 13:00:13,2026-08-17T13:14:23.808732+00:00,34.4263,,,
standardized,dbs,SAR,SGD,SAR/SGD,100,SGD < 50,amtLessThan50,SGD < 50,std_lt_50,otherCurrencies,2026-08-17 21:00:00,2026-08-17 13:00:13,2026-08-17T13:14:23.808732+00:00,34.4258,,,
standardized,dbs,SEK,SGD,SEK/SGD,1,SGD 50 – 200,amtBtw50And200,"SGD 200 – 39,999.99",std_200_40k,mainCurrencies,2026-08-17 21:00:00,2026-08-17 13:00:13,2026-08-17T13:14:23.808732+00:00,0.1364,0.1327,0.1291,0.13455
standardized,dbs,SEK,SGD,SEK/SGD,1,SGD 50 – 200,amtBtw50And200,"SGD 40,000 – 100,000",std_40k_100k,mainCurrencies,2026-08-17 21:00:00,2026-08-17 13:00:13,2026-08-17T13:14:23.808732+00:00,0.1364,0.1327,0.1291,0.13455
standardized,dbs,SEK,SGD,SEK/SGD,1,SGD 50 – 200,amtBtw50And200,SGD 50 – 200,std_50_200,mainCurrencies,2026-08-17 21:00:00,2026-08-17 13:00:13,2026-08-17T13:14:23.808732+00:00,0.1364,0.1327,0.1291,0.13455
standardized,dbs,SEK,SGD,SEK/SGD,1,SGD < 50,amtLessThan50,SGD < 50,std_lt_50,mainCurrencies,2026-08-17 21:00:00,2026-08-17 13:00:13,2026-08-17T13:14:23.808732+00:00,0.1369,0.1322,0.1291,0.13455
standardized,dbs,THB,SGD,THB/SGD,100,SGD 50 – 200,amtBtw50And200,"SGD 200 – 39,999.99",std_200_40k,mainCurrencies,2026-08-17 21:00:00,2026-08-17 13:00:13,2026-08-17T13:14:23.808732+00:00,3.9201,3.8079,3.7288,3.864
standardized,dbs,THB,SGD,THB/SGD,100,SGD 50 – 200,amtBtw50And200,"SGD 40,000 – 100,000",std_40k_100k,mainCurrencies,2026-08-17 21:00:00,2026-08-17 13:00:13,2026-08-17T13:14:23.808732+00:00,3.9201,3.8079,3.7288,3.864
standardized,dbs,THB,SGD,THB/SGD,100,SGD 50 – 200,amtBtw50And200,SGD 50 – 200,std_50_200,mainCurrencies,2026-08-17 21:00:00,2026-08-17 13:00:13,2026-08-17T13:14:23.808732+00:00,3.9201,3.8079,3.7288,3.864
standardized,dbs,THB,SGD,THB/SGD,100,SGD < 50,amtLessThan50,SGD < 50,std_lt_50,mainCurrencies,2026-08-17 21:00:00,2026-08-17 13:00:13,2026-08-17T13:14:23.808732+00:00,3.9249,3.8043,3.7288,3.8646000000000003
standardized,dbs,TND,SGD,TND/SGD,1,SGD 50 – 200,amtBtw50And200,"SGD 200 – 39,999.99",std_200_40k,otherCurrencies,2026-08-17 21:00:00,2026-08-17 13:00:13,2026-08-17T13:14:23.808732+00:00,0.4444,,,
standardized,dbs,TND,SGD,TND/SGD,1,SGD 50 – 200,amtBtw50And200,"SGD 40,000 – 100,000",std_40k_100k,otherCurrencies,2026-08-17 21:00:00,2026-08-17 13:00:13,2026-08-17T13:14:23.808732+00:00,0.4444,,,
standardized,dbs,TND,SGD,TND/SGD,1,SGD 50 – 200,amtBtw50And200,SGD 50 – 200,std_50_200,otherCurrencies,2026-08-17 21:00:00,2026-08-17 13:00:13,2026-08-17T13:14:23.808732+00:00,0.4444,,,
standardized,dbs,TND,SGD,TND/SGD,1,SGD < 50,amtLessThan50,SGD < 50,std_lt_50,otherCurrencies,2026-08-17 21:00:00,2026-08-17 13:00:13,2026-08-17T13:14:23.808732+00:00,0.4444,,,
standardized,dbs,TWD,SGD,TWD/SGD,100,SGD 50 – 200,amtBtw50And200,"SGD 200 – 39,999.99",std_200_40k,otherCurrencies,2026-08-17 21:00:00,2026-08-17 13:00:13,2026-08-17T13:14:23.808732+00:00,4.0601,,,
standardized,dbs,TWD,SGD,TWD/SGD,100,SGD 50 – 200,amtBtw50And200,"SGD 40,000 – 100,000",std_40k_100k,otherCurrencies,2026-08-17 21:00:00,2026-08-17 13:00:13,2026-08-17T13:14:23.808732+00:00,4.0601,,,
standardized,dbs,TWD,SGD,TWD/SGD,100,SGD 50 – 200,amtBtw50And200,SGD 50 – 200,std_50_200,otherCurrencies,2026-08-17 21:00:00,2026-08-17 13:00:13,2026-08-17T13:14:23.808732+00:00,4.0601,,,
standardized,dbs,TWD,SGD,TWD/SGD,100,SGD < 50,amtLessThan50,SGD < 50,std_lt_50,otherCurrencies,2026-08-17 21:00:00,2026-08-17 13:00:13,2026-08-17T13:14:23.808732+00:00,4.0641,,,
standardized,dbs,USD,SGD,USD/SGD,1,SGD 50 – 200,amtBtw50And200,"SGD 200 – 39,999.99",std_200_40k,mainCurrencies,2026-08-17 21:00:00,2026-08-17 13:00:13,2026-08-17T13:14:23.808732+00:00,1.286,1.2672,1.2619,1.2766000000000002
standardized,dbs,USD,SGD,USD/SGD,1,SGD 50 – 200,amtBtw50And200,"SGD 40,000 – 100,000",std_40k_100k,mainCurrencies,2026-08-17 21:00:00,2026-08-17 13:00:13,2026-08-17T13:14:23.808732+00:00,1.286,1.2672,1.2619,1.2766000000000002
standardized,dbs,USD,SGD,USD/SGD,1,SGD 50 – 200,amtBtw50And200,SGD 50 – 200,std_50_200,mainCurrencies,2026-08-17 21:00:00,2026-08-17 13:00:13,2026-08-17T13:14:23.808732+00:00,1.286,1.2672,1.2619,1.2766000000000002
standardized,dbs,USD,SGD,USD/SGD,1,SGD < 50,amtLessThan50,SGD < 50,std_lt_50,mainCurrencies,2026-08-17 21:00:00,2026-08-17 13:00:13,2026-08-17T13:14:23.808732+00:00,1.2868,1.2663,1.2619,1.2765499999999999
standardized,dbs,VND,SGD,VND/SGD,100,SGD 50 – 200,amtBtw50And200,"SGD 200 – 39,999.99",std_200_40k,otherCurrencies,2026-08-17 21:00:00,2026-08-17 13:00:13,2026-08-17T13:14:23.808732+00:00,0.005,,,
standardized,dbs,VND,SGD,VND/SGD,100,SGD 50 – 200,amtBtw50And200,"SGD 40,000 – 100,000",std_40k_100k,otherCurrencies,2026-08-17 21:00:00,2026-08-17 13:00:13,2026-08-17T13:14:23.808732+00:00,0.005,,,
standardized,dbs,VND,SGD,VND/SGD,100,SGD 50 – 200,amtBtw50And200,SGD 50 – 200,std_50_200,otherCurrencies,2026-08-17 21:00:00,2026-08-17 13:00:13,2026-08-17T13:14:23.808732+00:00,0.005,,,
standardized,dbs,VND,SGD,VND/SGD,100,SGD < 50,amtLessThan50,SGD < 50,std_lt_50,otherCurrencies,2026-08-17 21:00:00,2026-08-17 13:00:13,2026-08-17T13:14:23.808732+00:00,0.005,,,
standardized,dbs,XAU,SGD,XAU/SGD,1,SGD 50 – 200,amtBtw50And200,"SGD 200 – 39,999.99",std_200_40k,otherCurrencies,2026-08-17 21:00:00,2026-08-17 13:00:13,2026-08-17T13:14:23.808732+00:00,5630.909,5562.814,5561.839,5596.8615
standardized,dbs,XAU,SGD,XAU/SGD,1,SGD 50 – 200,amtBtw50And200,"SGD 40,000 – 100,000",std_40k_100k,otherCurrencies,2026-08-17 21:00:00,2026-08-17 13:00:13,2026-08-17T13:14:23.808732+00:00,5630.909,5562.814,5561.839,5596.8615
standardized,dbs,XAU,SGD,XAU/SGD,1,SGD 50 – 200,amtBtw50And200,SGD 50 – 200,std_50_200,otherCurrencies,2026-08-17 21:00:00,2026-08-17 13:00:13,2026-08-17T13:14:23.808732+00:00,5630.909,5562.814,5561.839,5596.8615
standardized,dbs,XAU,SGD,XAU/SGD,1,SGD < 50,amtLessThan50,SGD < 50,std_lt_50,otherCurrencies,2026-08-17 21:00:00,2026-08-17 13:00:13,2026-08-17T13:14:23.808732+00:00,5631.179,5563.093,5562.705,5597.136
standardized,dbs,ZAR,SGD,ZAR/SGD,1,SGD 50 – 200,amtBtw50And200,"SGD 200 – 39,999.99",std_200_40k,otherCurrencies,2026-08-17 21:00:00,2026-08-17 13:00:13,2026-08-17T13:14:23.808732+00:00,0.0798,0.0778,,0.0788
standardized,dbs,ZAR,SGD,ZAR/SGD,1,SGD 50 – 200,amtBtw50And200,"SGD 40,000 – 100,000",std_40k_100k,otherCurrencies,2026-08-17 21:00:00,2026-08-17 13:00:13,2026-08-17T13:14:23.808732+00:00,0.0798,0.0778,,0.0788
standardized,dbs,ZAR,SGD,ZAR/SGD,1,SGD 50 – 200,amtBtw50And200,SGD 50 – 200,std_50_200,otherCurrencies,2026-08-17 21:00:00,2026-08-17 13:00:13,2026-08-17T13:14:23.808732+00:00,0.0798,0.0778,,0.0788
standardized,dbs,ZAR,SGD,ZAR/SGD,1,SGD < 50,amtLessThan50,SGD < 50,std_lt_50,otherCurrencies,2026-08-17 21:00:00,2026-08-17 13:00:13,2026-08-17T13:14:23.808732+00:00,0.0801,0.0775,,0.07880000000000001
standardized,ocbc,AED,SGD,AED/SGD,100,"SGD 0 – 39,999.99",tier_1,"SGD 200 – 39,999.99",std_200_40k,fxRatesSgd,2026-08-17T07:00:13,2026-08-17T07:00:13,2026-08-17T13:14:25.391293+00:00,35.6525,33.6351,,34.6438
standardized,ocbc,AED,SGD,AED/SGD,100,"SGD 40,000 – 100,000",tier_2,"SGD 40,000 – 100,000",std_40k_100k,fxRatesSgd,2026-08-17T07:00:13,2026-08-17T07:00:13,2026-08-17T13:14:25.391293+00:00,35.642,33.6523,,34.6438
standardized,ocbc,AED,SGD,AED/SGD,100,"SGD 0 – 39,999.99",tier_1,SGD 50 – 200,std_50_200,fxRatesSgd,2026-08-17T07:00:13,2026-08-17T07:00:13,2026-08-17T13:14:25.391293+00:00,35.6525,33.6351,,34.6438
standardized,ocbc,AED,SGD,AED/SGD,100,"SGD 0 – 39,999.99",tier_1,SGD < 50,std_lt_50,fxRatesSgd,2026-08-17T07:00:13,2026-08-17T07:00:13,2026-08-17T13:14:25.391293+00:00,35.6525,33.6351,,34.6438
standardized,ocbc,AUD,SGD,AUD/SGD,1,"SGD 0 – 39,999.99",tier_1,"SGD 200 – 39,999.99",std_200_40k,fxRatesSgd,2026-08-17T07:00:13,2026-08-17T07:00:13,2026-08-17T13:14:25.391293+00:00,0.9259,0.8966,,0.9113
standardized,ocbc,AUD,SGD,AUD/SGD,1,"SGD 40,000 – 100,000",tier_2,"SGD 40,000 – 100,000",std_40k_100k,fxRatesSgd,2026-08-17T07:00:13,2026-08-17T07:00:13,2026-08-17T13:14:25.391293+00:00,0.9241,0.8984,,0.9113
standardized,ocbc,AUD,SGD,AUD/SGD,1,"SGD 0 – 39,999.99",tier_1,SGD 50 – 200,std_50_200,fxRatesSgd,2026-08-17T07:00:13,2026-08-17T07:00:13,2026-08-17T13:14:25.391293+00:00,0.9259,0.8966,,0.9113
standardized,ocbc,AUD,SGD,AUD/SGD,1,"SGD 0 – 39,999.99",tier_1,SGD < 50,std_lt_50,fxRatesSgd,2026-08-17T07:00:13,2026-08-17T07:00:13,2026-08-17T13:14:25.391293+00:00,0.9259,0.8966,,0.9113
standardized,ocbc,BGN,SGD,BGN/SGD,100,"SGD 0 – 39,999.99",tier_1,"SGD 200 – 39,999.99",std_200_40k,fxRatesSgd,2026-08-17T07:00:13,2026-08-17T07:00:13,2026-08-17T13:14:25.391293+00:00,0.0,0.0,,0.0
standardized,ocbc,BGN,SGD,BGN/SGD,100,"SGD 40,000 – 100,000",tier_2,"SGD 40,000 – 100,000",std_40k_100k,fxRatesSgd,2026-08-17T07:00:13,2026-08-17T07:00:13,2026-08-17T13:14:25.391293+00:00,0.0,0.0,,0.0
standardized,ocbc,BGN,SGD,BGN/SGD,100,"SGD 0 – 39,999.99",tier_1,SGD 50 – 200,std_50_200,fxRatesSgd,2026-08-17T07:00:13,2026-08-17T07:00:13,2026-08-17T13:14:25.391293+00:00,0.0,0.0,,0.0
standardized,ocbc,BGN,SGD,BGN/SGD,100,"SGD 0 – 39,999.99",tier_1,SGD < 50,std_lt_50,fxRatesSgd,2026-08-17T07:00:13,2026-08-17T07:00:13,2026-08-17T13:14:25.391293+00:00,0.0,0.0,,0.0
standardized,ocbc,BHD,SGD,BHD/SGD,1,"SGD 0 – 39,999.99",tier_1,"SGD 200 – 39,999.99",std_200_40k,fxRatesSgd,2026-08-17T07:00:13,2026-08-17T07:00:13,2026-08-17T13:14:25.391293+00:00,0.0,0.0,,0.0
standardized,ocbc,BHD,SGD,BHD/SGD,1,"SGD 40,000 – 100,000",tier_2,"SGD 40,000 – 100,000",std_40k_100k,fxRatesSgd,2026-08-17T07:00:13,2026-08-17T07:00:13,2026-08-17T13:14:25.391293+00:00,0.0,0.0,,0.0
standardized,ocbc,BHD,SGD,BHD/SGD,1,"SGD 0 – 39,999.99",tier_1,SGD 50 – 200,std_50_200,fxRatesSgd,2026-08-17T07:00:13,2026-08-17T07:00:13,2026-08-17T13:14:25.391293+00:00,0.0,0.0,,0.0
standardized,ocbc,BHD,SGD,BHD/SGD,1,"SGD 0 – 39,999.99",tier_1,SGD < 50,std_lt_50,fxRatesSgd,2026-08-17T07:00:13,2026-08-17T07:00:13,2026-08-17T13:14:25.391293+00:00,0.0,0.0,,0.0
standardized,ocbc,CAD,SGD,CAD/SGD,1,"SGD 0 – 39,999.99",tier_1,"SGD 200 – 39,999.99",std_200_40k,fxRatesSgd,2026-08-17T07:00:13,2026-08-17T07:00:13,2026-08-17T13:14:25.391293+00:00,0.9375,0.9042,,0.9209
standardized,ocbc,CAD,SGD,CAD/SGD,1,"SGD 40,000 – 100,000",tier_2,"SGD 40,000 – 100,000",std_40k_100k,fxRatesSgd,2026-08-17T07:00:13,2026-08-17T07:00:13,2026-08-17T13:14:25.391293+00:00,0.9357,0.9061,,0.9209
standardized,ocbc,CAD,SGD,CAD/SGD,1,"SGD 0 – 39,999.99",tier_1,SGD 50 – 200,std_50_200,fxRatesSgd,2026-08-17T07:00:13,2026-08-17T07:00:13,2026-08-17T13:14:25.391293+00:00,0.9375,0.9042,,0.9209
standardized,ocbc,CAD,SGD,CAD/SGD,1,"SGD 0 – 39,999.99",tier_1,SGD < 50,std_lt_50,fxRatesSgd,2026-08-17T07:00:13,2026-08-17T07:00:13,2026-08-17T13:14:25.391293+00:00,0.9375,0.9042,,0.9209
standardized,ocbc,CHF,SGD,CHF/SGD,100,"SGD 0 – 39,999.99",tier_1,"SGD 200 – 39,999.99",std_200_40k,fxRatesSgd,2026-08-17T07:00:13,2026-08-17T07:00:13,2026-08-17T13:14:25.391293+00:00,160.3483,154.644,,157.4962
standardized,ocbc,CHF,SGD,CHF/SGD,100,"SGD 40,000 – 100,000",tier_2,"SGD 40,000 – 100,000",std_40k_100k,fxRatesSgd,2026-08-17T07:00:13,2026-08-17T07:00:13,2026-08-17T13:14:25.391293+00:00,160.0333,154.959,,157.4962
standardized,ocbc,CHF,SGD,CHF/SGD,100,"SGD 0 – 39,999.99",tier_1,SGD 50 – 200,std_50_200,fxRatesSgd,2026-08-17T07:00:13,2026-08-17T07:00:13,2026-08-17T13:14:25.391293+00:00,160.3483,154.644,,157.4962
standardized,ocbc,CHF,SGD,CHF/SGD,100,"SGD 0 – 39,999.99",tier_1,SGD < 50,std_lt_50,fxRatesSgd,2026-08-17T07:00:13,2026-08-17T07:00:13,2026-08-17T13:14:25.391293+00:00,160.3483,154.644,,157.4962
standardized,ocbc,CNH,SGD,CNH/SGD,100,"SGD 0 – 39,999.99",tier_1,"SGD 200 – 39,999.99",std_200_40k,fxRatesSgd,2026-08-17T07:00:13,2026-08-17T07:00:13,2026-08-17T13:14:25.391293+00:00,19.2699,18.7094,,18.9897
standardized,ocbc,CNH,SGD,CNH/SGD,100,"SGD 40,000 – 100,000",tier_2,"SGD 40,000 – 100,000",std_40k_100k,fxRatesSgd,2026-08-17T07:00:13,2026-08-17T07:00:13,2026-08-17T13:14:25.391293+00:00,19.2604,18.7284,,18.9897
standardized,ocbc,CNH,SGD,CNH/SGD,100,"SGD 0 – 39,999.99",tier_1,SGD 50 – 200,std_50_200,fxRatesSgd,2026-08-17T07:00:13,2026-08-17T07:00:13,2026-08-17T13:14:25.391293+00:00,19.2699,18.7094,,18.9897
standardized,ocbc,CNH,SGD,CNH/SGD,100,"SGD 0 – 39,999.99",tier_1,SGD < 50,std_lt_50,fxRatesSgd,2026-08-17T07:00:13,2026-08-17T07:00:13,2026-08-17T13:14:25.391293+00:00,19.2699,18.7094,,18.9897
standardized,ocbc,CZK,SGD,CZK/SGD,100,"SGD 0 – 39,999.99",tier_1,"SGD 200 – 39,999.99",std_200_40k,fxRatesSgd,2026-08-17T07:00:13,2026-08-17T07:00:13,2026-08-17T13:14:25.391293+00:00,0.0,0.0,,0.0
standardized,ocbc,CZK,SGD,CZK/SGD,100,"SGD 40,000 – 100,000",tier_2,"SGD 40,000 – 100,000",std_40k_100k,fxRatesSgd,2026-08-17T07:00:13,2026-08-17T07:00:13,2026-08-17T13:14:25.391293+00:00,0.0,0.0,,0.0
standardized,ocbc,CZK,SGD,CZK/SGD,100,"SGD 0 – 39,999.99",tier_1,SGD 50 – 200,std_50_200,fxRatesSgd,2026-08-17T07:00:13,2026-08-17T07:00:13,2026-08-17T13:14:25.391293+00:00,0.0,0.0,,0.0
standardized,ocbc,CZK,SGD,CZK/SGD,100,"SGD 0 – 39,999.99",tier_1,SGD < 50,std_lt_50,fxRatesSgd,2026-08-17T07:00:13,2026-08-17T07:00:13,2026-08-17T13:14:25.391293+00:00,0.0,0.0,,0.0
standardized,ocbc,DKK,SGD,DKK/SGD,100,"SGD 0 – 39,999.99",tier_1,"SGD 200 – 39,999.99",std_200_40k,fxRatesSgd,2026-08-17T07:00:13,2026-08-17T07:00:13,2026-08-17T13:14:25.391293+00:00,20.1489,19.4339,,19.7914
standardized,ocbc,DKK,SGD,DKK/SGD,100,"SGD 40,000 – 100,000",tier_2,"SGD 40,000 – 100,000",std_40k_100k,fxRatesSgd,2026-08-17T07:00:13,2026-08-17T07:00:13,2026-08-17T13:14:25.391293+00:00,20.1093,19.4735,,19.7914
standardized,ocbc,DKK,SGD,DKK/SGD,100,"SGD 0 – 39,999.99",tier_1,SGD 50 – 200,std_50_200,fxRatesSgd,2026-08-17T07:00:13,2026-08-17T07:00:13,2026-08-17T13:14:25.391293+00:00,20.1489,19.4339,,19.7914
standardized,ocbc,DKK,SGD,DKK/SGD,100,"SGD 0 – 39,999.99",tier_1,SGD < 50,std_lt_50,fxRatesSgd,2026-08-17T07:00:13,2026-08-17T07:00:13,2026-08-17T13:14:25.391293+00:00,20.1489,19.4339,,19.7914
standardized,ocbc,EUR,SGD,EUR/SGD,1,"SGD 0 – 39,999.99",tier_1,"SGD 200 – 39,999.99",std_200_40k,fxRatesSgd,2026-08-17T07:00:13,2026-08-17T07:00:13,2026-08-17T13:14:25.391293+00:00,1.4962,1.4594,,1.4778
standardized,ocbc,EUR,SGD,EUR/SGD,1,"SGD 40,000 – 100,000",tier_2,"SGD 40,000 – 100,000",std_40k_100k,fxRatesSgd,2026-08-17T07:00:13,2026-08-17T07:00:13,2026-08-17T13:14:25.391293+00:00,1.4944,1.4613,,1.4778
standardized,ocbc,EUR,SGD,EUR/SGD,1,"SGD 0 – 39,999.99",tier_1,SGD 50 – 200,std_50_200,fxRatesSgd,2026-08-17T07:00:13,2026-08-17T07:00:13,2026-08-17T13:14:25.391293+00:00,1.4962,1.4594,,1.4778
standardized,ocbc,EUR,SGD,EUR/SGD,1,"SGD 0 – 39,999.99",tier_1,SGD < 50,std_lt_50,fxRatesSgd,2026-08-17T07:00:13,2026-08-17T07:00:13,2026-08-17T13:14:25.391293+00:00,1.4962,1.4594,,1.4778
standardized,ocbc,GBP,SGD,GBP/SGD,1,"SGD 0 – 39,999.99",tier_1,"SGD 200 – 39,999.99",std_200_40k,fxRatesSgd,2026-08-17T07:00:13,2026-08-17T07:00:13,2026-08-17T13:14:25.391293+00:00,1.7498,1.7066,,1.7282
standardized,ocbc,GBP,SGD,GBP/SGD,1,"SGD 40,000 – 100,000",tier_2,"SGD 40,000 – 100,000",std_40k_100k,fxRatesSgd,2026-08-17T07:00:13,2026-08-17T07:00:13,2026-08-17T13:14:25.391293+00:00,1.7479,1.7087,,1.7282
standardized,ocbc,GBP,SGD,GBP/SGD,1,"SGD 0 – 39,999.99",tier_1,SGD 50 – 200,std_50_200,fxRatesSgd,2026-08-17T07:00:13,2026-08-17T07:00:13,2026-08-17T13:14:25.391293+00:00,1.7498,1.7066,,1.7282
standardized,ocbc,GBP,SGD,GBP/SGD,1,"SGD 0 – 39,999.99",tier_1,SGD < 50,std_lt_50,fxRatesSgd,2026-08-17T07:00:13,2026-08-17T07:00:13,2026-08-17T13:14:25.391293+00:00,1.7498,1.7066,,1.7282
standardized,ocbc,HKD,SGD,HKD/SGD,100,"SGD 0 – 39,999.99",tier_1,"SGD 200 – 39,999.99",std_200_40k,fxRatesSgd,2026-08-17T07:00:13,2026-08-17T07:00:13,2026-08-17T13:14:25.391293+00:00,16.4786,16.0802,,16.2794
standardized,ocbc,HKD,SGD,HKD/SGD,100,"SGD 40,000 – 100,000",tier_2,"SGD 40,000 – 100,000",std_40k_100k,fxRatesSgd,2026-08-17T07:00:13,2026-08-17T07:00:13,2026-08-17T13:14:25.391293+00:00,16.4493,16.09,,16.2794
standardized,ocbc,HKD,SGD,HKD/SGD,100,"SGD 0 – 39,999.99",tier_1,SGD 50 – 200,std_50_200,fxRatesSgd,2026-08-17T07:00:13,2026-08-17T07:00:13,2026-08-17T13:14:25.391293+00:00,16.4786,16.0802,,16.2794
standardized,ocbc,HKD,SGD,HKD/SGD,100,"SGD 0 – 39,999.99",tier_1,SGD < 50,std_lt_50,fxRatesSgd,2026-08-17T07:00:13,2026-08-17T07:00:13,2026-08-17T13:14:25.391293+00:00,16.4786,16.0802,,16.2794
standardized,ocbc,HUF,SGD,HUF/SGD,100,"SGD 0 – 39,999.99",tier_1,"SGD 200 – 39,999.99",std_200_40k,fxRatesSgd,2026-08-17T07:00:13,2026-08-17T07:00:13,2026-08-17T13:14:25.391293+00:00,0.0,0.0,,0.0
standardized,ocbc,HUF,SGD,HUF/SGD,100,"SGD 40,000 – 100,000",tier_2,"SGD 40,000 – 100,000",std_40k_100k,fxRatesSgd,2026-08-17T07:00:13,2026-08-17T07:00:13,2026-08-17T13:14:25.391293+00:00,0.0,0.0,,0.0
standardized,ocbc,HUF,SGD,HUF/SGD,100,"SGD 0 – 39,999.99",tier_1,SGD 50 – 200,std_50_200,fxRatesSgd,2026-08-17T07:00:13,2026-08-17T07:00:13,2026-08-17T13:14:25.391293+00:00,0.0,0.0,,0.0
standardized,ocbc,HUF,SGD,HUF/SGD,100,"SGD 0 – 39,999.99",tier_1,SGD < 50,std_lt_50,fxRatesSgd,2026-08-17T07:00:13,2026-08-17T07:00:13,2026-08-17T13:14:25.391293+00:00,0.0,0.0,,0.0
standardized,ocbc,IDR,SGD,IDR/SGD,100,"SGD 0 – 39,999.99",tier_1,"SGD 200 – 39,999.99",std_200_40k,fxRatesSgd,2026-08-17T07:00:13,2026-08-17T07:00:13,2026-08-17T13:14:25.391293+00:00,0.0074,0.0,,0.0074
standardized,ocbc,IDR,SGD,IDR/SGD,100,"SGD 40,000 – 100,000",tier_2,"SGD 40,000 – 100,000",std_40k_100k,fxRatesSgd,2026-08-17T07:00:13,2026-08-17T07:00:13,2026-08-17T13:14:25.391293+00:00,0.0073,0.0,,0.0074
standardized,ocbc,IDR,SGD,IDR/SGD,100,"SGD 0 – 39,999.99",tier_1,SGD 50 – 200,std_50_200,fxRatesSgd,2026-08-17T07:00:13,2026-08-17T07:00:13,2026-08-17T13:14:25.391293+00:00,0.0074,0.0,,0.0074
standardized,ocbc,IDR,SGD,IDR/SGD,100,"SGD 0 – 39,999.99",tier_1,SGD < 50,std_lt_50,fxRatesSgd,2026-08-17T07:00:13,2026-08-17T07:00:13,2026-08-17T13:14:25.391293+00:00,0.0074,0.0,,0.0074
standardized,ocbc,ILS,SGD,ILS/SGD,100,"SGD 0 – 39,999.99",tier_1,"SGD 200 – 39,999.99",std_200_40k,fxRatesSgd,2026-08-17T07:00:13,2026-08-17T07:00:13,2026-08-17T13:14:25.391293+00:00,0.0,0.0,,0.0
standardized,ocbc,ILS,SGD,ILS/SGD,100,"SGD 40,000 – 100,000",tier_2,"SGD 40,000 – 100,000",std_40k_100k,fxRatesSgd,2026-08-17T07:00:13,2026-08-17T07:00:13,2026-08-17T13:14:25.391293+00:00,0.0,0.0,,0.0
standardized,ocbc,ILS,SGD,ILS/SGD,100,"SGD 0 – 39,999.99",tier_1,SGD 50 – 200,std_50_200,fxRatesSgd,2026-08-17T07:00:13,2026-08-17T07:00:13,2026-08-17T13:14:25.391293+00:00,0.0,0.0,,0.0
standardized,ocbc,ILS,SGD,ILS/SGD,100,"SGD 0 – 39,999.99",tier_1,SGD < 50,std_lt_50,fxRatesSgd,2026-08-17T07:00:13,2026-08-17T07:00:13,2026-08-17T13:14:25.391293+00:00,0.0,0.0,,0.0
standardized,ocbc,INR,SGD,INR/SGD,100,"SGD 0 – 39,999.99",tier_1,"SGD 200 – 39,999.99",std_200_40k,fxRatesSgd,2026-08-17T07:00:13,2026-08-17T07:00:13,2026-08-17T13:14:25.391293+00:00,1.3774,0.0,,1.3774
standardized,ocbc,INR,SGD,INR/SGD,100,"SGD 40,000 – 100,000",tier_2,"SGD 40,000 – 100,000",std_40k_100k,fxRatesSgd,2026-08-17T07:00:13,2026-08-17T07:00:13,2026-08-17T13:14:25.391293+00:00,1.3748,0.0,,1.3774
standardized,ocbc,INR,SGD,INR/SGD,100,"SGD 0 – 39,999.99",tier_1,SGD 50 – 200,std_50_200,fxRatesSgd,2026-08-17T07:00:13,2026-08-17T07:00:13,2026-08-17T13:14:25.391293+00:00,1.3774,0.0,,1.3774
standardized,ocbc,INR,SGD,INR/SGD,100,"SGD 0 – 39,999.99",tier_1,SGD < 50,std_lt_50,fxRatesSgd,2026-08-17T07:00:13,2026-08-17T07:00:13,2026-08-17T13:14:25.391293+00:00,1.3774,0.0,,1.3774
standardized,ocbc,JOD,SGD,JOD/SGD,1,"SGD 0 – 39,999.99",tier_1,"SGD 200 – 39,999.99",std_200_40k,fxRatesSgd,2026-08-17T07:00:13,2026-08-17T07:00:13,2026-08-17T13:14:25.391293+00:00,0.0,0.0,,0.0
standardized,ocbc,JOD,SGD,JOD/SGD,1,"SGD 40,000 – 100,000",tier_2,"SGD 40,000 – 100,000",std_40k_100k,fxRatesSgd,2026-08-17T07:00:13,2026-08-17T07:00:13,2026-08-17T13:14:25.391293+00:00,0.0,0.0,,0.0
standardized,ocbc,JOD,SGD,JOD/SGD,1,"SGD 0 – 39,999.99",tier_1,SGD 50 – 200,std_50_200,fxRatesSgd,2026-08-17T07:00:13,2026-08-17T07:00:13,2026-08-17T13:14:25.391293+00:00,0.0,0.0,,0.0
standardized,ocbc,JOD,SGD,JOD/SGD,1,"SGD 0 – 39,999.99",tier_1,SGD < 50,std_lt_50,fxRatesSgd,2026-08-17T07:00:13,2026-08-17T07:00:13,2026-08-17T13:14:25.391293+00:00,0.0,0.0,,0.0
standardized,ocbc,JPY,SGD,JPY/SGD,100,"SGD 0 – 39,999.99",tier_1,"SGD 200 – 39,999.99",std_200_40k,fxRatesSgd,2026-08-17T07:00:13,2026-08-17T07:00:13,2026-08-17T13:14:25.391293+00:00,0.8116,0.7924,,0.802
standardized,ocbc,JPY,SGD,JPY/SGD,100,"SGD 40,000 – 100,000",tier_2,"SGD 40,000 – 100,000",std_40k_100k,fxRatesSgd,2026-08-17T07:00:13,2026-08-17T07:00:13,2026-08-17T13:14:25.391293+00:00,0.8102,0.7937,,0.802
standardized,ocbc,JPY,SGD,JPY/SGD,100,"SGD 0 – 39,999.99",tier_1,SGD 50 – 200,std_50_200,fxRatesSgd,2026-08-17T07:00:13,2026-08-17T07:00:13,2026-08-17T13:14:25.391293+00:00,0.8116,0.7924,,0.802
standardized,ocbc,JPY,SGD,JPY/SGD,100,"SGD 0 – 39,999.99",tier_1,SGD < 50,std_lt_50,fxRatesSgd,2026-08-17T07:00:13,2026-08-17T07:00:13,2026-08-17T13:14:25.391293+00:00,0.8116,0.7924,,0.802
standardized,ocbc,KRW,SGD,KRW/SGD,100,"SGD 0 – 39,999.99",tier_1,"SGD 200 – 39,999.99",std_200_40k,fxRatesSgd,2026-08-17T07:00:13,2026-08-17T07:00:13,2026-08-17T13:14:25.391293+00:00,0.0,0.0,,0.0
standardized,ocbc,KRW,SGD,KRW/SGD,100,"SGD 40,000 – 100,000",tier_2,"SGD 40,000 – 100,000",std_40k_100k,fxRatesSgd,2026-08-17T07:00:13,2026-08-17T07:00:13,2026-08-17T13:14:25.391293+00:00,0.0,0.0,,0.0
standardized,ocbc,KRW,SGD,KRW/SGD,100,"SGD 0 – 39,999.99",tier_1,SGD 50 – 200,std_50_200,fxRatesSgd,2026-08-17T07:00:13,2026-08-17T07:00:13,2026-08-17T13:14:25.391293+00:00,0.0,0.0,,0.0
standardized,ocbc,KRW,SGD,KRW/SGD,100,"SGD 0 – 39,999.99",tier_1,SGD < 50,std_lt_50,fxRatesSgd,2026-08-17T07:00:13,2026-08-17T07:00:13,2026-08-17T13:14:25.391293+00:00,0.0,0.0,,0.0
standardized,ocbc,LKR,SGD,LKR/SGD,100,"SGD 0 – 39,999.99",tier_1,"SGD 200 – 39,999.99",std_200_40k,fxRatesSgd,2026-08-17T07:00:13,2026-08-17T07:00:13,2026-08-17T13:14:25.391293+00:00,0.3953,0.0,,0.3953
standardized,ocbc,LKR,SGD,LKR/SGD,100,"SGD 40,000 – 100,000",tier_2,"SGD 40,000 – 100,000",std_40k_100k,fxRatesSgd,2026-08-17T07:00:13,2026-08-17T07:00:13,2026-08-17T13:14:25.391293+00:00,0.3946,0.0,,0.3953
standardized,ocbc,LKR,SGD,LKR/SGD,100,"SGD 0 – 39,999.99",tier_1,SGD 50 – 200,std_50_200,fxRatesSgd,2026-08-17T07:00:13,2026-08-17T07:00:13,2026-08-17T13:14:25.391293+00:00,0.3953,0.0,,0.3953
standardized,ocbc,LKR,SGD,LKR/SGD,100,"SGD 0 – 39,999.99",tier_1,SGD < 50,std_lt_50,fxRatesSgd,2026-08-17T07:00:13,2026-08-17T07:00:13,2026-08-17T13:14:25.391293+00:00,0.3953,0.0,,0.3953
standardized,ocbc,MAD,SGD,MAD/SGD,100,"SGD 0 – 39,999.99",tier_1,"SGD 200 – 39,999.99",std_200_40k,fxRatesSgd,2026-08-17T07:00:13,2026-08-17T07:00:13,2026-08-17T13:14:25.391293+00:00,0.0,0.0,,0.0
standardized,ocbc,MAD,SGD,MAD/SGD,100,"SGD 40,000 – 100,000",tier_2,"SGD 40,000 – 100,000",std_40k_100k,fxRatesSgd,2026-08-17T07:00:13,2026-08-17T07:00:13,2026-08-17T13:14:25.391293+00:00,0.0,0.0,,0.0
standardized,ocbc,MAD,SGD,MAD/SGD,100,"SGD 0 – 39,999.99",tier_1,SGD 50 – 200,std_50_200,fxRatesSgd,2026-08-17T07:00:13,2026-08-17T07:00:13,2026-08-17T13:14:25.391293+00:00,0.0,0.0,,0.0
standardized,ocbc,MAD,SGD,MAD/SGD,100,"SGD 0 – 39,999.99",tier_1,SGD < 50,std_lt_50,fxRatesSgd,2026-08-17T07:00:13,2026-08-17T07:00:13,2026-08-17T13:14:25.391293+00:00,0.0,0.0,,0.0
standardized,ocbc,MXN,SGD,MXN/SGD,100,"SGD 0 – 39,999.99",tier_1,"SGD 200 – 39,999.99",std_200_40k,fxRatesSgd,2026-08-17T07:00:13,2026-08-17T07:00:13,2026-08-17T13:14:25.391293+00:00,7.7525,0.0,,7.7525
standardized,ocbc,MXN,SGD,MXN/SGD,100,"SGD 40,000 – 100,000",tier_2,"SGD 40,000 – 100,000",std_40k_100k,fxRatesSgd,2026-08-17T07:00:13,2026-08-17T07:00:13,2026-08-17T13:14:25.391293+00:00,7.751,0.0,,7.7525
standardized,ocbc,MXN,SGD,MXN/SGD,100,"SGD 0 – 39,999.99",tier_1,SGD 50 – 200,std_50_200,fxRatesSgd,2026-08-17T07:00:13,2026-08-17T07:00:13,2026-08-17T13:14:25.391293+00:00,7.7525,0.0,,7.7525
standardized,ocbc,MXN,SGD,MXN/SGD,100,"SGD 0 – 39,999.99",tier_1,SGD < 50,std_lt_50,fxRatesSgd,2026-08-17T07:00:13,2026-08-17T07:00:13,2026-08-17T13:14:25.391293+00:00,7.7525,0.0,,7.7525
standardized,ocbc,MYR,SGD,MYR/SGD,100,"SGD 0 – 39,999.99",tier_1,"SGD 200 – 39,999.99",std_200_40k,fxRatesSgd,2026-08-17T07:00:13,2026-08-17T07:00:13,2026-08-17T13:14:25.391293+00:00,0.0,0.0,,0.0
standardized,ocbc,MYR,SGD,MYR/SGD,100,"SGD 40,000 – 100,000",tier_2,"SGD 40,000 – 100,000",std_40k_100k,fxRatesSgd,2026-08-17T07:00:13,2026-08-17T07:00:13,2026-08-17T13:14:25.391293+00:00,0.0,0.0,,0.0
standardized,ocbc,MYR,SGD,MYR/SGD,100,"SGD 0 – 39,999.99",tier_1,SGD 50 – 200,std_50_200,fxRatesSgd,2026-08-17T07:00:13,2026-08-17T07:00:13,2026-08-17T13:14:25.391293+00:00,0.0,0.0,,0.0
standardized,ocbc,MYR,SGD,MYR/SGD,100,"SGD 0 – 39,999.99",tier_1,SGD < 50,std_lt_50,fxRatesSgd,2026-08-17T07:00:13,2026-08-17T07:00:13,2026-08-17T13:14:25.391293+00:00,0.0,0.0,,0.0
standardized,ocbc,NOK,SGD,NOK/SGD,100,"SGD 0 – 39,999.99",tier_1,"SGD 200 – 39,999.99",std_200_40k,fxRatesSgd,2026-08-17T07:00:13,2026-08-17T07:00:13,2026-08-17T13:14:25.391293+00:00,13.7978,13.3056,,13.5517
standardized,ocbc,NOK,SGD,NOK/SGD,100,"SGD 40,000 – 100,000",tier_2,"SGD 40,000 – 100,000",std_40k_100k,fxRatesSgd,2026-08-17T07:00:13,2026-08-17T07:00:13,2026-08-17T13:14:25.391293+00:00,13.7707,13.3327,,13.5517
standardized,ocbc,NOK,SGD,NOK/SGD,100,"SGD 0 – 39,999.99",tier_1,SGD 50 – 200,std_50_200,fxRatesSgd,2026-08-17T07:00:13,2026-08-17T07:00:13,2026-08-17T13:14:25.391293+00:00,13.7978,13.3056,,13.5517
standardized,ocbc,NOK,SGD,NOK/SGD,100,"SGD 0 – 39,999.99",tier_1,SGD < 50,std_lt_50,fxRatesSgd,2026-08-17T07:00:13,2026-08-17T07:00:13,2026-08-17T13:14:25.391293+00:00,13.7978,13.3056,,13.5517
standardized,ocbc,NZD,SGD,NZD/SGD,1,"SGD 0 – 39,999.99",tier_1,"SGD 200 – 39,999.99",std_200_40k,fxRatesSgd,2026-08-17T07:00:13,2026-08-17T07:00:13,2026-08-17T13:14:25.391293+00:00,0.7714,0.7452,,0.7583
standardized,ocbc,NZD,SGD,NZD/SGD,1,"SGD 40,000 – 100,000",tier_2,"SGD 40,000 – 100,000",std_40k_100k,fxRatesSgd,2026-08-17T07:00:13,2026-08-17T07:00:13,2026-08-17T13:14:25.391293+00:00,0.7695,0.7474,,0.7583
standardized,ocbc,NZD,SGD,NZD/SGD,1,"SGD 0 – 39,999.99",tier_1,SGD 50 – 200,std_50_200,fxRatesSgd,2026-08-17T07:00:13,2026-08-17T07:00:13,2026-08-17T13:14:25.391293+00:00,0.7714,0.7452,,0.7583
standardized,ocbc,NZD,SGD,NZD/SGD,1,"SGD 0 – 39,999.99",tier_1,SGD < 50,std_lt_50,fxRatesSgd,2026-08-17T07:00:13,2026-08-17T07:00:13,2026-08-17T13:14:25.391293+00:00,0.7714,0.7452,,0.7583
standardized,ocbc,OMR,SGD,OMR/SGD,1,"SGD 0 – 39,999.99",tier_1,"SGD 200 – 39,999.99",std_200_40k,fxRatesSgd,2026-08-17T07:00:13,2026-08-17T07:00:13,2026-08-17T13:14:25.391293+00:00,0.0,0.0,,0.0
standardized,ocbc,OMR,SGD,OMR/SGD,1,"SGD 40,000 – 100,000",tier_2,"SGD 40,000 – 100,000",std_40k_100k,fxRatesSgd,2026-08-17T07:00:13,2026-08-17T07:00:13,2026-08-17T13:14:25.391293+00:00,0.0,0.0,,0.0
standardized,ocbc,OMR,SGD,OMR/SGD,1,"SGD 0 – 39,999.99",tier_1,SGD 50 – 200,std_50_200,fxRatesSgd,2026-08-17T07:00:13,2026-08-17T07:00:13,2026-08-17T13:14:25.391293+00:00,0.0,0.0,,0.0
standardized,ocbc,OMR,SGD,OMR/SGD,1,"SGD 0 – 39,999.99",tier_1,SGD < 50,std_lt_50,fxRatesSgd,2026-08-17T07:00:13,2026-08-17T07:00:13,2026-08-17T13:14:25.391293+00:00,0.0,0.0,,0.0
standardized,ocbc,PHP,SGD,PHP/SGD,100,"SGD 0 – 39,999.99",tier_1,"SGD 200 – 39,999.99",std_200_40k,fxRatesSgd,2026-08-17T07:00:13,2026-08-17T07:00:13,2026-08-17T13:14:25.391293+00:00,2.1403,0.0,,2.1403
standardized,ocbc,PHP,SGD,PHP/SGD,100,"SGD 40,000 – 100,000",tier_2,"SGD 40,000 – 100,000",std_40k_100k,fxRatesSgd,2026-08-17T07:00:13,2026-08-17T07:00:13,2026-08-17T13:14:25.391293+00:00,2.1382,0.0,,2.1403
standardized,ocbc,PHP,SGD,PHP/SGD,100,"SGD 0 – 39,999.99",tier_1,SGD 50 – 200,std_50_200,fxRatesSgd,2026-08-17T07:00:13,2026-08-17T07:00:13,2026-08-17T13:14:25.391293+00:00,2.1403,0.0,,2.1403
standardized,ocbc,PHP,SGD,PHP/SGD,100,"SGD 0 – 39,999.99",tier_1,SGD < 50,std_lt_50,fxRatesSgd,2026-08-17T07:00:13,2026-08-17T07:00:13,2026-08-17T13:14:25.391293+00:00,2.1403,0.0,,2.1403
standardized,ocbc,PLN,SGD,PLN/SGD,100,"SGD 0 – 39,999.99",tier_1,"SGD 200 – 39,999.99",std_200_40k,fxRatesSgd,2026-08-17T07:00:13,2026-08-17T07:00:13,2026-08-17T13:14:25.391293+00:00,35.3182,33.1041,,34.2112
standardized,ocbc,PLN,SGD,PLN/SGD,100,"SGD 40,000 – 100,000",tier_2,"SGD 40,000 – 100,000",std_40k_100k,fxRatesSgd,2026-08-17T07:00:13,2026-08-17T07:00:13,2026-08-17T13:14:25.391293+00:00,35.3008,33.131,,34.2112
standardized,ocbc,PLN,SGD,PLN/SGD,100,"SGD 0 – 39,999.99",tier_1,SGD 50 – 200,std_50_200,fxRatesSgd,2026-08-17T07:00:13,2026-08-17T07:00:13,2026-08-17T13:14:25.391293+00:00,35.3182,33.1041,,34.2112
standardized,ocbc,PLN,SGD,PLN/SGD,100,"SGD 0 – 39,999.99",tier_1,SGD < 50,std_lt_50,fxRatesSgd,2026-08-17T07:00:13,2026-08-17T07:00:13,2026-08-17T13:14:25.391293+00:00,35.3182,33.1041,,34.2112
standardized,ocbc,QAR,SGD,QAR/SGD,100,"SGD 0 – 39,999.99",tier_1,"SGD 200 – 39,999.99",std_200_40k,fxRatesSgd,2026-08-17T07:00:13,2026-08-17T07:00:13,2026-08-17T13:14:25.391293+00:00,36.0291,33.9373,,34.9832
standardized,ocbc,QAR,SGD,QAR/SGD,100,"SGD 40,000 – 100,000",tier_2,"SGD 40,000 – 100,000",std_40k_100k,fxRatesSgd,2026-08-17T07:00:13,2026-08-17T07:00:13,2026-08-17T13:14:25.391293+00:00,36.0077,33.9545,,34.9832
standardized,ocbc,QAR,SGD,QAR/SGD,100,"SGD 0 – 39,999.99",tier_1,SGD 50 – 200,std_50_200,fxRatesSgd,2026-08-17T07:00:13,2026-08-17T07:00:13,2026-08-17T13:14:25.391293+00:00,36.0291,33.9373,,34.9832
standardized,ocbc,QAR,SGD,QAR/SGD,100,"SGD 0 – 39,999.99",tier_1,SGD < 50,std_lt_50,fxRatesSgd,2026-08-17T07:00:13,2026-08-17T07:00:13,2026-08-17T13:14:25.391293+00:00,36.0291,33.9373,,34.9832
standardized,ocbc,RON,SGD,RON/SGD,100,"SGD 0 – 39,999.99",tier_1,"SGD 200 – 39,999.99",std_200_40k,fxRatesSgd,2026-08-17T07:00:13,2026-08-17T07:00:13,2026-08-17T13:14:25.391293+00:00,0.0,0.0,,0.0
standardized,ocbc,RON,SGD,RON/SGD,100,"SGD 40,000 – 100,000",tier_2,"SGD 40,000 – 100,000",std_40k_100k,fxRatesSgd,2026-08-17T07:00:13,2026-08-17T07:00:13,2026-08-17T13:14:25.391293+00:00,0.0,0.0,,0.0
standardized,ocbc,RON,SGD,RON/SGD,100,"SGD 0 – 39,999.99",tier_1,SGD 50 – 200,std_50_200,fxRatesSgd,2026-08-17T07:00:13,2026-08-17T07:00:13,2026-08-17T13:14:25.391293+00:00,0.0,0.0,,0.0
standardized,ocbc,RON,SGD,RON/SGD,100,"SGD 0 – 39,999.99",tier_1,SGD < 50,std_lt_50,fxRatesSgd,2026-08-17T07:00:13,2026-08-17T07:00:13,2026-08-17T13:14:25.391293+00:00,0.0,0.0,,0.0
standardized,ocbc,RUB,SGD,RUB/SGD,100,"SGD 0 – 39,999.99",tier_1,"SGD 200 – 39,999.99",std_200_40k,fxRatesSgd,2026-08-17T07:00:13,2026-08-17T07:00:13,2026-08-17T13:14:25.391293+00:00,0.0,0.0,,0.0
standardized,ocbc,RUB,SGD,RUB/SGD,100,"SGD 40,000 – 100,000",tier_2,"SGD 40,000 – 100,000",std_40k_100k,fxRatesSgd,2026-08-17T07:00:13,2026-08-17T07:00:13,2026-08-17T13:14:25.391293+00:00,0.0,0.0,,0.0
standardized,ocbc,RUB,SGD,RUB/SGD,100,"SGD 0 – 39,999.99",tier_1,SGD 50 – 200,std_50_200,fxRatesSgd,2026-08-17T07:00:13,2026-08-17T07:00:13,2026-08-17T13:14:25.391293+00:00,0.0,0.0,,0.0
standardized,ocbc,RUB,SGD,RUB/SGD,100,"SGD 0 – 39,999.99",tier_1,SGD < 50,std_lt_50,fxRatesSgd,2026-08-17T07:00:13,2026-08-17T07:00:13,2026-08-17T13:14:25.391293+00:00,0.0,0.0,,0.0
standardized,ocbc,SAR,SGD,SAR/SGD,100,"SGD 0 – 39,999.99",tier_1,"SGD 200 – 39,999.99",std_200_40k,fxRatesSgd,2026-08-17T07:00:13,2026-08-17T07:00:13,2026-08-17T13:14:25.391293+00:00,34.9522,33.0248,,33.9885
standardized,ocbc,SAR,SGD,SAR/SGD,100,"SGD 40,000 – 100,000",tier_2,"SGD 40,000 – 100,000",std_40k_100k,fxRatesSgd,2026-08-17T07:00:13,2026-08-17T07:00:13,2026-08-17T13:14:25.391293+00:00,34.9349,33.0416,,33.9885
standardized,ocbc,SAR,SGD,SAR/SGD,100,"SGD 0 – 39,999.99",tier_1,SGD 50 – 200,std_50_200,fxRatesSgd,2026-08-17T07:00:13,2026-08-17T07:00:13,2026-08-17T13:14:25.391293+00:00,34.9522,33.0248,,33.9885
standardized,ocbc,SAR,SGD,SAR/SGD,100,"SGD 0 – 39,999.99",tier_1,SGD < 50,std_lt_50,fxRatesSgd,2026-08-17T07:00:13,2026-08-17T07:00:13,2026-08-17T13:14:25.391293+00:00,34.9522,33.0248,,33.9885
standardized,ocbc,SEK,SGD,SEK/SGD,100,"SGD 0 – 39,999.99",tier_1,"SGD 200 – 39,999.99",std_200_40k,fxRatesSgd,2026-08-17T07:00:13,2026-08-17T07:00:13,2026-08-17T13:14:25.391293+00:00,13.688,13.2003,,13.4442
standardized,ocbc,SEK,SGD,SEK/SGD,100,"SGD 40,000 – 100,000",tier_2,"SGD 40,000 – 100,000",std_40k_100k,fxRatesSgd,2026-08-17T07:00:13,2026-08-17T07:00:13,2026-08-17T13:14:25.391293+00:00,13.6611,13.2271,,13.4442
standardized,ocbc,SEK,SGD,SEK/SGD,100,"SGD 0 – 39,999.99",tier_1,SGD 50 – 200,std_50_200,fxRatesSgd,2026-08-17T07:00:13,2026-08-17T07:00:13,2026-08-17T13:14:25.391293+00:00,13.688,13.2003,,13.4442
standardized,ocbc,SEK,SGD,SEK/SGD,100,"SGD 0 – 39,999.99",tier_1,SGD < 50,std_lt_50,fxRatesSgd,2026-08-17T07:00:13,2026-08-17T07:00:13,2026-08-17T13:14:25.391293+00:00,13.688,13.2003,,13.4442
standardized,ocbc,THB,SGD,THB/SGD,100,"SGD 0 – 39,999.99",tier_1,"SGD 200 – 39,999.99",std_200_40k,fxRatesSgd,2026-08-17T07:00:13,2026-08-17T07:00:13,2026-08-17T13:14:25.391293+00:00,3.9754,3.7572,,3.8663
standardized,ocbc,THB,SGD,THB/SGD,100,"SGD 40,000 – 100,000",tier_2,"SGD 40,000 – 100,000",std_40k_100k,fxRatesSgd,2026-08-17T07:00:13,2026-08-17T07:00:13,2026-08-17T13:14:25.391293+00:00,3.9677,3.765,,3.8663
standardized,ocbc,THB,SGD,THB/SGD,100,"SGD 0 – 39,999.99",tier_1,SGD 50 – 200,std_50_200,fxRatesSgd,2026-08-17T07:00:13,2026-08-17T07:00:13,2026-08-17T13:14:25.391293+00:00,3.9754,3.7572,,3.8663
standardized,ocbc,THB,SGD,THB/SGD,100,"SGD 0 – 39,999.99",tier_1,SGD < 50,std_lt_50,fxRatesSgd,2026-08-17T07:00:13,2026-08-17T07:00:13,2026-08-17T13:14:25.391293+00:00,3.9754,3.7572,,3.8663
standardized,ocbc,TRY,SGD,TRY/SGD,100,"SGD 0 – 39,999.99",tier_1,"SGD 200 – 39,999.99",std_200_40k,fxRatesSgd,2026-08-17T07:00:13,2026-08-17T07:00:13,2026-08-17T13:14:25.391293+00:00,2.7384,2.6231,,2.6808
standardized,ocbc,TRY,SGD,TRY/SGD,100,"SGD 40,000 – 100,000",tier_2,"SGD 40,000 – 100,000",std_40k_100k,fxRatesSgd,2026-08-17T07:00:13,2026-08-17T07:00:13,2026-08-17T13:14:25.391293+00:00,2.7371,2.6234,,2.6808
standardized,ocbc,TRY,SGD,TRY/SGD,100,"SGD 0 – 39,999.99",tier_1,SGD 50 – 200,std_50_200,fxRatesSgd,2026-08-17T07:00:13,2026-08-17T07:00:13,2026-08-17T13:14:25.391293+00:00,2.7384,2.6231,,2.6808
standardized,ocbc,TRY,SGD,TRY/SGD,100,"SGD 0 – 39,999.99",tier_1,SGD < 50,std_lt_50,fxRatesSgd,2026-08-17T07:00:13,2026-08-17T07:00:13,2026-08-17T13:14:25.391293+00:00,2.7384,2.6231,,2.6808
standardized,ocbc,TWD,SGD,TWD/SGD,100,"SGD 0 – 39,999.99",tier_1,"SGD 200 – 39,999.99",std_200_40k,fxRatesSgd,2026-08-17T07:00:13,2026-08-17T07:00:13,2026-08-17T13:14:25.391293+00:00,4.1348,0.0,,4.1348
standardized,ocbc,TWD,SGD,TWD/SGD,100,"SGD 40,000 – 100,000",tier_2,"SGD 40,000 – 100,000",std_40k_100k,fxRatesSgd,2026-08-17T07:00:13,2026-08-17T07:00:13,2026-08-17T13:14:25.391293+00:00,0.0,0.0,,4.1348
standardized,ocbc,TWD,SGD,TWD/SGD,100,"SGD 0 – 39,999.99",tier_1,SGD 50 – 200,std_50_200,fxRatesSgd,2026-08-17T07:00:13,2026-08-17T07:00:13,2026-08-17T13:14:25.391293+00:00,4.1348,0.0,,4.1348
standardized,ocbc,TWD,SGD,TWD/SGD,100,"SGD 0 – 39,999.99",tier_1,SGD < 50,std_lt_50,fxRatesSgd,2026-08-17T07:00:13,2026-08-17T07:00:13,2026-08-17T13:14:25.391293+00:00,4.1348,0.0,,4.1348
standardized,ocbc,USD,SGD,USD/SGD,1,"SGD 0 – 39,999.99",tier_1,"SGD 200 – 39,999.99",std_200_40k,fxRatesSgd,2026-08-17T07:00:13,2026-08-17T07:00:13,2026-08-17T13:14:25.391293+00:00,1.2868,1.2655,,1.2762
standardized,ocbc,USD,SGD,USD/SGD,1,"SGD 40,000 – 100,000",tier_2,"SGD 40,000 – 100,000",std_40k_100k,fxRatesSgd,2026-08-17T07:00:13,2026-08-17T07:00:13,2026-08-17T13:14:25.391293+00:00,1.2853,1.2666,,1.2762
standardized,ocbc,USD,SGD,USD/SGD,1,"SGD 0 – 39,999.99",tier_1,SGD 50 – 200,std_50_200,fxRatesSgd,2026-08-17T07:00:13,2026-08-17T07:00:13,2026-08-17T13:14:25.391293+00:00,1.2868,1.2655,,1.2762
standardized,ocbc,USD,SGD,USD/SGD,1,"SGD 0 – 39,999.99",tier_1,SGD < 50,std_lt_50,fxRatesSgd,2026-08-17T07:00:13,2026-08-17T07:00:13,2026-08-17T13:14:25.391293+00:00,1.2868,1.2655,,1.2762
standardized,ocbc,ZAR,SGD,ZAR/SGD,100,"SGD 0 – 39,999.99",tier_1,"SGD 200 – 39,999.99",std_200_40k,fxRatesSgd,2026-08-17T07:00:13,2026-08-17T07:00:13,2026-08-17T13:14:25.391293+00:00,8.1341,7.6558,,7.895
standardized,ocbc,ZAR,SGD,ZAR/SGD,100,"SGD 40,000 – 100,000",tier_2,"SGD 40,000 – 100,000",std_40k_100k,fxRatesSgd,2026-08-17T07:00:13,2026-08-17T07:00:13,2026-08-17T13:14:25.391293+00:00,8.1301,7.6598,,7.895
standardized,ocbc,ZAR,SGD,ZAR/SGD,100,"SGD 0 – 39,999.99",tier_1,SGD 50 – 200,std_50_200,fxRatesSgd,2026-08-17T07:00:13,2026-08-17T07:00:13,2026-08-17T13:14:25.391293+00:00,8.1341,7.6558,,7.895
standardized,ocbc,ZAR,SGD,ZAR/SGD,100,"SGD 0 – 39,999.99",tier_1,SGD < 50,std_lt_50,fxRatesSgd,2026-08-17T07:00:13,2026-08-17T07:00:13,2026-08-17T13:14:25.391293+00:00,8.1341,7.6558,,7.895
